t,unit,owner,score,margin,marker,inserted,card_type
0.0,,,0.402,0.059,?_star,0,unit
1.0,,,0.389,0.064,?_star,0,unit
2.0,,,0.415,0.071,?_star,0,unit
3.0,,,0.459,0.034,?_star,0,unit
4.0,,,0.388,0.029,?_dot,0,unit
5.0,,,0.645,0.327,empty,,empty
6.0,,,0.0,0.0,?_dot,0,unit
7.0,,,0.31,0.094,empty,,empty
8.0,,,0.441,0.009,empty,,empty
9.0,,,0.257,0.101,empty,,empty
10.0,,,0.359,0.128,empty,,empty
11.0,,,0.506,0.124,?_dot,0,unit
12.0,,,0.455,0.058,ally_star,1,unit
13.0,,,1.066,0.032,ally_star,1,unit
14.0,,,0.662,0.099,ally_dot,0,unit
15.0,,,0.989,0.045,?_dot,0,unit
16.0,,,0.397,0.013,enemy_dot,0,enemy
17.0,,,0.399,0.031,?_diamond,0,unit
18.0,,,1.011,0.211,ally_star,1,unit
19.0,,,0.432,0.008,enemy_star,1,enemy
19.2,,,0.192,0.094,enemy_dot,0,enemy
19.4,,,0.312,0.001,gold_aha,,aha
19.6,,,0.312,0.003,gold_aha,,aha
19.8,,,0.313,0.002,gold_aha,,aha
20.0,,,0.314,0.003,gold_aha,,aha
20.2,,,0.313,0.001,gold_aha,,aha
20.4,,,0.282,0.144,gold_aha,,aha
20.6,,,0.483,0.077,gold_aha,,aha
20.8,,,0.662,0.013,gold_aha,,aha
21.0,,,0.656,0.022,gold_aha,,aha
21.2,,,0.653,0.055,gold_aha,,aha
21.4,,,0.648,0.074,gold_aha,,aha
21.6,,,0.672,0.09,gold_aha,,aha
21.8,,,0.681,0.089,gold_aha,,aha
22.0,,,0.68,0.105,gold_aha,,aha
23.0,,,0.697,0.108,gold_aha,,aha
24.0,,,0.628,0.099,gold_aha,,aha
25.0,,,0.628,0.107,gold_aha,,aha
26.0,,,0.193,0.031,gold_aha,,aha
27.0,,,0.552,0.026,gold_aha,,aha
28.0,,,0.536,0.034,gold_aha,,aha
29.0,,,0.47,0.006,gold_aha,,aha
30.0,,,0.349,0.014,gold_aha,,aha
31.0,,,0.336,0.046,gold_aha,,aha
32.0,,,0.272,0.032,gold_aha,,aha
33.0,,,0.323,0.049,gold_aha,,aha
34.0,,,0.878,0.008,ally_dot,0,unit
35.0,,,0.664,0.013,ally_dot,0,unit
36.0,,,0.333,0.099,ally_dot,0,unit
37.0,,,0.565,0.073,?_dot,0,unit
38.0,,,0.256,0.05,?_dot,0,unit
39.0,,,0.369,0.089,?_dot,0,unit
40.0,,,0.575,0.044,empty,,empty
41.0,,,0.65,0.172,empty,,empty
42.0,,,0.822,0.484,?_dot,0,unit
43.0,,,0.55,0.171,empty,,empty
44.0,,,0.839,0.001,ally_star,1,unit
45.0,,,0.642,0.134,ally_dot,0,unit
46.0,,,0.647,0.125,ally_dot,0,unit
47.0,,,0.617,0.135,ally_dot,0,unit
48.0,,,0.65,0.123,ally_dot,0,unit
49.0,,,0.584,0.099,ally_dot,0,unit
50.0,,,0.315,0.025,empty,,empty
51.0,,,0.296,0.151,empty,,empty
52.0,,,0.321,0.015,empty,,empty
53.0,,,0.478,0.028,ally_star,1,unit
54.0,,,0.45,0.043,ally_star,1,unit
55.0,,,0.487,0.019,ally_dot,0,unit
56.0,,,0.372,0.015,ally_dot,0,unit
57.0,,,0.641,0.087,empty,,empty
58.0,,,0.504,0.008,empty,,empty
59.0,,,0.442,0.003,ally_dot,0,unit
60.0,,,0.514,0.04,enemy_dot,0,enemy
61.0,,,0.56,0.063,enemy_dot,0,enemy
62.0,,,0.525,0.056,enemy_dot,0,enemy
63.0,,,0.246,0.189,gold_aha,,aha
64.0,,,0.255,0.007,gold_aha,,aha
65.0,,,0.684,0.108,gold_aha,,aha
66.0,,,0.693,0.127,gold_aha,,aha
66.2,,,0.691,0.125,gold_aha,,aha
66.4,,,0.72,0.145,gold_aha,,aha
66.6,,,0.719,0.138,gold_aha,,aha
66.8,,,0.723,0.127,gold_aha,,aha
67.0,,,0.456,0.267,gold_aha,,aha
67.2,,,0.591,0.041,gold_aha,,aha
67.4,,,0.582,0.058,gold_aha,,aha
67.6,,,0.633,0.109,gold_aha,,aha
67.8,,,0.651,0.121,gold_aha,,aha
68.0,,,0.647,0.125,gold_aha,,aha
68.2,,,0.638,0.124,gold_aha,,aha
68.4,,,0.638,0.119,gold_aha,,aha
68.6,,,0.644,0.115,gold_aha,,aha
68.8,,,0.64,0.114,gold_aha,,aha
69.0,,,0.651,0.127,gold_aha,,aha
69.2,,,0.647,0.127,gold_aha,,aha
69.4,,,0.658,0.128,gold_aha,,aha
69.6,,,0.722,0.09,gold_aha,,aha
69.8,,,0.389,0.054,gold_aha,,aha
70.0,,,0.618,0.002,gold_aha,,aha
70.2,,,0.614,0.069,gold_aha,,aha
70.4,,,0.598,0.052,gold_aha,,aha
70.6,,,0.575,0.047,gold_aha,,aha
70.8,,,0.549,0.03,gold_aha,,aha
71.0,,,0.544,0.036,gold_aha,,aha
71.2,,,0.538,0.043,gold_aha,,aha
71.4,,,0.552,0.051,gold_aha,,aha
71.6,,,0.556,0.041,gold_aha,,aha
71.8,,,0.557,0.046,gold_aha,,aha
72.0,,,0.565,0.062,gold_aha,,aha
73.0,,,0.617,0.039,gold_aha,,aha
74.0,,,0.236,0.109,gold_aha,,aha
75.0,,,0.482,0.087,gold_aha,,aha
76.0,,,0.416,0.048,gold_aha,,aha
77.0,,,0.553,0.01,gold_aha,,aha
78.0,,,0.578,0.026,gold_aha,,aha
79.0,,,0.791,0.061,ally_dot,0,unit
80.0,,,0.525,0.11,ally_dot,0,unit
81.0,,,0.561,0.098,ally_dot,0,unit
82.0,,,0.554,0.145,ally_dot,0,unit
83.0,,,0.556,0.148,ally_dot,0,unit
84.0,,,0.549,0.149,ally_dot,0,unit
85.0,,,0.96,0.091,ally_dot,0,unit
86.0,,,0.785,0.099,ally_diamond,,elation
87.0,,,0.806,0.133,ally_diamond,,elation
88.0,,,0.354,0.223,empty,,empty
89.0,,,0.701,0.087,ally_diamond,,elation
90.0,,,0.32,0.021,enemy_dot,0,enemy
91.0,,,0.486,0.033,enemy_dot,0,enemy
92.0,,,0.441,0.02,enemy_dot,0,enemy
93.0,,,0.989,0.014,ally_dot,0,unit
94.0,,,0.929,0.015,ally_dot,0,unit
95.0,,,0.5,0.057,ally_star,1,unit
96.0,,,0.589,0.18,ally_dot,0,unit
97.0,,,0.56,0.098,ally_dot,0,unit
98.0,,,0.554,0.042,ally_star,1,unit
99.0,,,0.583,0.121,ally_dot,0,unit
100.0,,,0.663,0.093,empty,,empty
101.0,,,0.133,0.038,empty,,empty
102.0,,,0.36,0.027,empty,,empty
103.0,,,0.425,0.149,enemy_dot,0,enemy
104.0,,,0.855,0.026,ally_dot,0,unit
105.0,,,0.563,0.043,enemy_dot,0,enemy
106.0,,,0.27,0.017,gold_aha,,aha
107.0,,,0.663,0.132,gold_aha,,aha
108.0,,,0.677,0.09,gold_aha,,aha
109.0,,,0.722,0.139,gold_aha,,aha
110.0,,,0.598,0.061,gold_aha,,aha
111.0,,,0.635,0.118,gold_aha,,aha
112.0,,,0.657,0.122,gold_aha,,aha
113.0,,,0.586,0.048,gold_aha,,aha
114.0,,,0.548,0.047,gold_aha,,aha
115.0,,,0.432,0.059,gold_aha,,aha
116.0,,,0.355,0.038,gold_aha,,aha
117.0,,,0.51,0.031,gold_aha,,aha
118.0,,,0.299,0.015,gold_aha,,aha
119.0,,,0.277,0.032,gold_aha,,aha
120.0,,,0.162,0.009,empty,,empty
121.0,,,0.384,0.252,empty,,empty
122.0,,,0.628,0.041,?_dot,0,unit
123.0,,,0.226,0.055,?_dot,0,unit
124.0,,,0.566,0.128,ally_dot,0,unit
125.0,,,0.341,0.217,?_diamond,0,unit
126.0,,,0.329,0.059,empty,,empty
127.0,,,0.592,0.038,ally_star,1,unit
128.0,,,0.619,0.108,ally_dot,0,unit
129.0,,,0.617,0.104,ally_dot,0,unit
130.0,,,0.583,0.077,ally_dot,0,unit
131.0,,,0.613,0.107,ally_dot,0,unit
132.0,,,0.263,0.026,ally_dot,0,unit
133.0,,,0.357,0.088,empty,,empty
134.0,,,0.632,0.116,ally_dot,0,unit
135.0,,,0.4,0.133,enemy_dot,0,enemy
136.0,,,0.419,0.107,enemy_dot,0,enemy
137.0,,,0.496,0.027,ally_dot,0,unit
138.0,,,0.576,0.177,?_star,0,unit
139.0,,,0.387,0.006,ally_star,1,unit
140.0,,,0.527,0.064,ally_dot,0,unit
141.0,,,0.47,0.024,ally_star,1,unit
142.0,,,0.479,0.012,ally_star,1,unit
143.0,,,0.52,0.017,ally_dot,0,unit
144.0,,,0.615,0.278,empty,,empty
145.0,,,0.333,0.002,empty,,empty
146.0,,,0.461,0.005,ally_dot,0,unit
147.0,,,0.47,0.034,ally_star,1,unit
148.0,,,1.023,0.014,ally_dot,0,unit
149.0,,,0.945,0.131,ally_dot,0,unit
150.0,,,0.812,0.118,ally_diamond,,elation
151.0,,,0.404,0.054,enemy_star,1,enemy
152.0,,,0.578,0.052,enemy_dot,0,enemy
153.0,,,0.411,0.021,enemy_dot,0,enemy
154.0,,,0.403,0.009,enemy_dot,0,enemy
155.0,,,0.854,0.02,ally_dot,0,unit
156.0,,,0.416,0.01,enemy_dot,0,enemy
157.0,,,0.734,0.004,enemy_dot,0,enemy
158.0,,,0.334,0.021,enemy_dot,0,enemy
159.0,,,0.253,0.0,gold_aha,,aha
160.0,,,0.675,0.012,gold_aha,,aha
161.0,,,0.68,0.094,gold_aha,,aha
162.0,,,0.731,0.137,gold_aha,,aha
163.0,,,0.636,0.104,gold_aha,,aha
164.0,,,0.646,0.141,gold_aha,,aha
165.0,,,0.675,0.144,gold_aha,,aha
166.0,,,0.59,0.04,gold_aha,,aha
167.0,,,0.547,0.055,gold_aha,,aha
168.0,,,0.407,0.121,gold_aha,,aha
169.0,,,0.552,0.037,gold_aha,,aha
170.0,,,0.42,0.215,enemy_diamond,0,enemy
171.0,,,0.413,0.21,enemy_diamond,0,enemy
172.0,,,0.619,0.15,empty,,empty
173.0,,,0.473,0.0,gold_aha,,aha
174.0,,,0.462,0.054,gold_aha,,aha
175.0,,,0.523,0.086,gold_aha,,aha
176.0,,,0.463,0.107,gold_aha,,aha
177.0,,,0.317,0.029,gold_aha,,aha
178.0,,,0.267,0.026,gold_aha,,aha
179.0,,,0.662,0.077,gold_aha,,aha
180.0,,,0.673,0.099,gold_aha,,aha
181.0,,,0.291,0.001,gold_aha,,aha
182.0,,,0.634,0.117,gold_aha,,aha
183.0,,,0.636,0.123,gold_aha,,aha
184.0,,,0.574,0.073,gold_aha,,aha
185.0,,,0.541,0.017,gold_aha,,aha
186.0,,,0.523,0.028,gold_aha,,aha
187.0,,,0.614,0.045,gold_aha,,aha
188.0,,,0.548,0.04,gold_aha,,aha
189.0,,,0.5,0.066,gold_aha,,aha
190.0,,,0.442,0.066,gold_aha,,aha
191.0,,,0.482,0.008,gold_aha,,aha
192.0,,,0.523,0.065,gold_aha,,aha
193.0,,,0.641,0.061,?_dot,0,unit
194.0,,,0.223,0.083,empty,,empty
195.0,,,0.324,0.088,?_dot,0,unit
196.0,,,0.895,0.006,ally_star,1,unit
197.0,,,0.606,0.075,ally_dot,0,unit
198.0,,,0.614,0.086,ally_dot,0,unit
199.0,,,0.63,0.112,ally_dot,0,unit
200.0,,,0.619,0.062,ally_dot,0,unit
201.0,,,0.573,0.107,ally_dot,0,unit
202.0,,,0.335,0.061,empty,,empty
203.0,,,0.407,0.069,empty,,empty
204.0,,,0.336,0.222,enemy_dot,0,enemy
205.0,,,0.834,0.037,ally_diamond,,elation
206.0,,,0.311,0.016,empty,,empty
207.0,,,0.348,0.143,empty,,empty
208.0,,,0.0,0.0,?_dot,0,unit
209.0,,,0.473,0.194,enemy_diamond,0,enemy
210.0,,,0.233,0.145,enemy_dot,0,enemy
211.0,,,0.434,0.22,enemy_dot,0,enemy
212.0,,,0.315,0.029,?_dot,0,unit
213.0,,,0.229,0.105,empty,,empty
214.0,,,0.125,0.013,empty,,empty
215.0,,,0.165,0.097,enemy_dot,0,enemy
216.0,,,0.538,0.046,enemy_star,1,enemy
217.0,,,0.275,0.047,gold_aha,,aha
218.0,,,0.658,0.01,gold_aha,,aha
219.0,,,0.678,0.084,gold_aha,,aha
220.0,,,0.698,0.113,gold_aha,,aha
221.0,,,0.624,0.104,gold_aha,,aha
222.0,,,0.629,0.114,gold_aha,,aha
223.0,,,0.778,0.057,gold_aha,,aha
224.0,,,0.563,0.023,gold_aha,,aha
225.0,,,0.539,0.032,gold_aha,,aha
226.0,,,0.167,0.065,gold_aha,,aha
227.0,,,0.338,0.024,gold_aha,,aha
228.0,,,0.484,0.026,gold_aha,,aha
229.0,,,0.307,0.029,gold_aha,,aha
230.0,,,0.259,0.003,gold_aha,,aha
231.0,,,0.07,0.019,?_star,0,unit
232.0,,,0.164,0.09,?_dot,0,unit
233.0,,,0.637,0.069,empty,,empty
234.0,,,0.25,0.017,empty,,empty
235.0,,,0.779,0.051,empty,,empty
236.0,,,0.63,0.032,empty,,empty
237.0,,,0.353,0.017,ally_dot,0,unit
238.0,,,0.526,0.1,ally_star,1,unit
239.0,,,0.543,0.1,ally_star,1,unit
240.0,,,0.551,0.09,ally_star,1,unit
241.0,,,0.506,0.115,ally_star,1,unit
242.0,,,0.417,0.097,ally_star,1,unit
243.0,,,0.48,0.012,empty,,empty
244.0,,,0.521,0.076,ally_star,1,unit
245.0,,,0.48,0.068,ally_dot,0,unit
246.0,,,0.228,0.07,?_dot,0,unit
247.0,,,0.54,0.157,ally_dot,0,unit
248.0,,,0.538,0.183,ally_dot,0,unit
249.0,,,0.551,0.121,ally_dot,0,unit
250.0,,,0.539,0.182,ally_dot,0,unit
251.0,,,0.541,0.185,ally_dot,0,unit
252.0,,,0.53,0.182,ally_dot,0,unit
253.0,,,0.553,0.113,ally_dot,0,unit
254.0,,,0.737,0.119,ally_dot,0,unit
255.0,,,0.778,0.036,enemy_dot,0,enemy
256.0,,,0.681,0.076,ally_diamond,,elation
257.0,,,0.755,0.1,ally_diamond,,elation
258.0,,,0.301,0.08,enemy_dot,0,enemy
259.0,,,0.415,0.044,enemy_dot,0,enemy
260.0,,,0.565,0.137,enemy_dot,0,enemy
261.0,,,0.529,0.035,enemy_dot,0,enemy
262.0,,,0.984,0.068,ally_dot,0,unit
263.0,,,0.317,0.082,enemy_dot,0,enemy
264.0,,,0.645,0.079,enemy_dot,0,enemy
265.0,,,0.463,0.072,enemy_dot,0,enemy
266.0,,,0.408,0.012,enemy_dot,0,enemy
267.0,,,0.323,0.013,enemy_dot,0,enemy
268.0,,,0.267,0.026,?_dot,0,unit
269.0,,,0.533,0.101,ally_star,1,unit
270.0,,,0.481,0.143,ally_dot,0,unit
271.0,,,0.5,0.084,ally_star,1,unit
272.0,,,0.569,0.103,ally_dot,0,unit
273.0,,,0.26,0.015,ally_dot,0,unit
274.0,,,0.093,0.001,empty,,empty
275.0,,,0.396,0.052,ally_dot,0,unit
276.0,,,0.892,0.079,ally_dot,0,unit
277.0,,,0.826,0.007,ally_dot,0,unit
278.0,,,0.458,0.024,?_dot,0,unit
279.0,,,0.599,0.021,enemy_dot,0,enemy
280.0,,,0.599,0.034,enemy_dot,0,enemy
281.0,,,0.599,0.033,enemy_dot,0,enemy
282.0,,,0.599,0.032,enemy_dot,0,enemy
283.0,,,0.598,0.032,enemy_dot,0,enemy
284.0,,,0.416,0.125,enemy_dot,0,enemy
285.0,,,0.278,0.123,?_dot,0,unit
286.0,,,0.531,0.006,enemy_dot,0,enemy
287.0,,,0.381,0.17,enemy_dot,0,enemy
288.0,,,0.275,0.008,gold_aha,,aha
289.0,,,0.696,0.064,gold_aha,,aha
290.0,,,0.695,0.119,gold_aha,,aha
291.0,,,0.72,0.124,gold_aha,,aha
292.0,,,0.627,0.087,gold_aha,,aha
293.0,,,0.63,0.111,gold_aha,,aha
294.0,,,0.251,0.093,gold_aha,,aha
295.0,,,0.555,0.04,gold_aha,,aha
296.0,,,0.55,0.043,gold_aha,,aha
297.0,,,0.512,0.214,enemy_diamond,0,enemy
298.0,,,0.414,0.222,enemy_diamond,0,enemy
299.0,,,0.41,0.207,enemy_diamond,0,enemy
300.0,,,0.557,0.075,gold_aha,,aha
301.0,,,0.61,0.028,gold_aha,,aha
302.0,,,0.549,0.046,gold_aha,,aha
303.0,,,0.533,0.052,gold_aha,,aha
304.0,,,0.415,0.082,gold_aha,,aha
305.0,,,0.462,0.006,gold_aha,,aha
306.0,,,0.264,0.021,gold_aha,,aha
307.0,,,0.294,0.142,gold_aha,,aha
308.0,,,0.68,0.088,gold_aha,,aha
309.0,,,0.663,0.103,gold_aha,,aha
310.0,,,0.532,0.013,gold_aha,,aha
311.0,,,0.635,0.119,gold_aha,,aha
312.0,,,0.646,0.129,gold_aha,,aha
313.0,,,0.563,0.001,gold_aha,,aha
314.0,,,0.535,0.033,gold_aha,,aha
315.0,,,0.521,0.034,gold_aha,,aha
316.0,,,0.574,0.051,gold_aha,,aha
317.0,,,0.422,0.115,gold_aha,,aha
318.0,,,0.487,0.066,gold_aha,,aha
319.0,,,0.386,0.049,gold_aha,,aha
320.0,,,0.477,0.002,gold_aha,,aha
321.0,,,0.496,0.002,gold_aha,,aha
322.0,,,0.543,0.141,ally_dot,0,unit
323.0,,,0.536,0.184,ally_dot,0,unit
324.0,,,0.536,0.182,ally_dot,0,unit
325.0,,,0.528,0.085,ally_dot,0,unit
326.0,,,0.542,0.184,ally_dot,0,unit
327.0,,,0.538,0.179,ally_dot,0,unit
328.0,,,0.907,0.045,ally_dot,0,unit
329.0,,,0.764,0.079,ally_diamond,,elation
330.0,,,0.812,0.11,ally_diamond,,elation
331.0,,,0.553,0.228,?_dot,0,unit
332.0,,,0.842,0.13,ally_diamond,,elation
333.0,,,0.237,0.044,enemy_dot,0,enemy
334.0,,,0.263,0.022,gold_aha,,aha
335.0,,,0.699,0.063,gold_aha,,aha
336.0,,,0.675,0.09,gold_aha,,aha
337.0,,,0.698,0.099,gold_aha,,aha
338.0,,,0.644,0.118,gold_aha,,aha
339.0,,,0.628,0.101,gold_aha,,aha
340.0,,,0.671,0.123,gold_aha,,aha
341.0,,,0.668,0.096,gold_aha,,aha
342.0,,,0.0,0.0,?_dot,0,unit
343.0,,,0.236,0.122,empty,,empty
344.0,,,0.237,0.129,empty,,empty
345.0,,,0.237,0.129,empty,,empty
346.0,,,0.237,0.129,empty,,empty
347.0,,,0.237,0.129,empty,,empty
348.0,,,0.237,0.129,empty,,empty
349.0,,,0.237,0.129,empty,,empty
350.0,,,0.237,0.129,empty,,empty
351.0,,,0.237,0.129,empty,,empty
352.0,,,0.237,0.129,empty,,empty
353.0,,,0.237,0.129,empty,,empty
354.0,,,0.237,0.129,empty,,empty
355.0,,,0.237,0.129,empty,,empty
356.0,,,0.237,0.129,empty,,empty
357.0,,,0.237,0.129,empty,,empty
358.0,,,0.237,0.129,empty,,empty
359.0,,,0.237,0.129,empty,,empty
360.0,,,0.237,0.129,empty,,empty
361.0,,,0.237,0.129,empty,,empty
362.0,,,0.237,0.129,empty,,empty
363.0,,,0.237,0.129,empty,,empty
364.0,,,0.237,0.129,empty,,empty
365.0,,,0.237,0.129,empty,,empty
366.0,,,0.237,0.129,empty,,empty
367.0,,,0.237,0.129,empty,,empty
368.0,,,0.237,0.129,empty,,empty
369.0,,,0.237,0.129,empty,,empty
370.0,,,0.237,0.129,empty,,empty
371.0,,,0.237,0.129,empty,,empty
372.0,,,0.237,0.129,empty,,empty
373.0,,,0.237,0.129,empty,,empty
374.0,,,0.237,0.129,empty,,empty
375.0,,,0.237,0.129,empty,,empty
376.0,,,0.237,0.129,empty,,empty
377.0,,,0.237,0.129,empty,,empty
378.0,,,0.237,0.129,empty,,empty
379.0,,,0.237,0.129,empty,,empty
380.0,,,0.237,0.129,empty,,empty
381.0,,,0.237,0.129,empty,,empty
382.0,,,0.237,0.129,empty,,empty
