t,unit,raw,score,margin,marker,inserted,card_type,reject
0.0,,真珠,0.369,0.057,?_star,0,unit,low_score
1.0,,真珠,0.354,0.044,?_star,0,unit,low_score
2.0,,真珠,0.364,0.042,?_star,0,unit,low_score
3.0,,真珠,0.423,0.051,?_star,0,unit,low_score
4.0,,真珠,0.335,0.087,?_dot,0,unit,low_score
5.0,,真珠,0.38,0.031,empty,,empty,low_score
6.0,,银狼,0.0,0.0,?_dot,0,unit,low_score
7.0,,真珠,0.258,0.035,empty,,empty,low_score
8.0,,银狼,0.427,0.097,empty,,empty,low_score
9.0,,银狼,0.205,0.158,empty,,empty,low_score
10.0,,银狼,0.219,0.041,empty,,empty,low_score
11.0,,银狼,0.405,0.061,?_dot,0,unit,low_score
12.0,,银狼,0.438,0.089,ally_star,1,unit,low_score
13.0,爻光,爻光,1.9,1.012,ally_star,1,unit,
14.0,,爻光,1.08,0.405,ally_dot,0,unit,low_margin
15.0,,爻光,1.514,0.586,?_dot,0,unit,low_detail
16.0,,火花,0.365,0.009,enemy_dot,0,enemy,low_score
17.0,,火花,0.181,0.022,?_diamond,0,unit,low_score
18.0,,爻光,0.93,0.157,ally_star,1,unit,low_margin
19.0,,爻光,0.655,0.077,enemy_star,1,enemy,low_score
20.0,,银狼,0.325,0.046,gold_aha,,aha,low_score
21.0,,真珠,0.545,0.031,gold_aha,,aha,low_score
22.0,,火花,0.56,0.105,gold_aha,,aha,low_score
23.0,,火花,0.587,0.073,gold_aha,,aha,low_score
24.0,,火花,0.569,0.137,gold_aha,,aha,low_score
25.0,,火花,0.56,0.115,gold_aha,,aha,low_score
26.0,,银狼,0.178,0.021,gold_aha,,aha,low_score
27.0,,火花,0.514,0.129,gold_aha,,aha,low_score
28.0,,火花,0.481,0.042,gold_aha,,aha,low_score
29.0,,火花,0.44,0.065,gold_aha,,aha,low_score
30.0,,火花,0.352,0.033,gold_aha,,aha,low_score
31.0,,银狼,0.245,0.019,gold_aha,,aha,low_score
32.0,,火花,0.22,0.018,gold_aha,,aha,low_score
33.0,,银狼,0.251,0.012,gold_aha,,aha,low_score
34.0,真珠,真珠,1.9,0.966,ally_dot,0,unit,
35.0,银狼,银狼,1.9,1.366,ally_dot,0,unit,
36.0,银狼,银狼,1.9,1.541,ally_dot,0,unit,
37.0,,银狼,0.531,0.059,?_dot,0,unit,low_score
38.0,,银狼,0.325,0.09,?_dot,0,unit,low_score
39.0,,银狼,0.139,0.244,?_dot,0,unit,low_score
40.0,,火花,0.596,0.194,empty,,empty,low_score
41.0,,真珠,0.388,0.033,empty,,empty,low_score
42.0,,银狼,0.518,0.364,?_dot,0,unit,low_score
43.0,,真珠,0.438,0.123,empty,,empty,low_score
44.0,真珠,真珠,1.9,1.038,ally_star,1,unit,
45.0,银狼,银狼,1.9,1.372,ally_dot,0,unit,
46.0,银狼,银狼,1.9,1.393,ally_dot,0,unit,
47.0,银狼,银狼,1.9,1.402,ally_dot,0,unit,
48.0,银狼,银狼,1.9,1.4,ally_dot,0,unit,
49.0,银狼,银狼,1.9,1.429,ally_dot,0,unit,
50.0,,银狼,0.452,0.15,empty,,empty,low_score
51.0,,银狼,0.124,0.103,empty,,empty,low_score
52.0,,银狼,0.3,0.019,empty,,empty,low_score
53.0,银狼,银狼,1.9,1.46,ally_star,1,unit,
54.0,银狼,银狼,1.9,1.497,ally_star,1,unit,
55.0,银狼,银狼,1.9,1.443,ally_dot,0,unit,
56.0,银狼,银狼,1.9,1.52,ally_dot,0,unit,
57.0,,真珠,0.488,0.043,empty,,empty,low_score
58.0,,火花,0.314,0.111,empty,,empty,low_score
59.0,银狼,银狼,1.9,1.445,ally_dot,0,unit,
60.0,,火花,0.453,0.173,enemy_dot,0,enemy,low_score
61.0,,火花,0.524,0.192,enemy_dot,0,enemy,low_score
62.0,,火花,0.48,0.19,enemy_dot,0,enemy,low_score
63.0,,银狼,0.195,0.059,gold_aha,,aha,low_score
64.0,,银狼,0.342,0.038,gold_aha,,aha,low_score
65.0,,火花,0.54,0.06,gold_aha,,aha,low_score
66.0,,火花,0.536,0.042,gold_aha,,aha,low_score
67.0,,银狼,0.359,0.144,gold_aha,,aha,low_score
68.0,,火花,0.572,0.105,gold_aha,,aha,low_score
69.0,,火花,0.543,0.086,gold_aha,,aha,low_score
70.0,,爻光,0.486,0.011,gold_aha,,aha,low_score
71.0,,火花,0.486,0.041,gold_aha,,aha,low_score
72.0,,火花,0.486,0.042,gold_aha,,aha,low_score
73.0,,火花,0.519,0.063,gold_aha,,aha,low_score
74.0,,银狼,0.177,0.007,gold_aha,,aha,low_score
75.0,,火花,0.414,0.099,gold_aha,,aha,low_score
76.0,,火花,0.416,0.143,gold_aha,,aha,low_score
77.0,,火花,0.525,0.031,gold_aha,,aha,low_score
78.0,,火花,0.493,0.003,gold_aha,,aha,low_score
79.0,火花,火花,1.9,1.254,ally_dot,0,unit,
80.0,火花,火花,1.9,1.48,ally_dot,0,unit,
81.0,火花,火花,1.9,1.475,ally_dot,0,unit,
82.0,火花,火花,1.9,1.427,ally_dot,0,unit,
83.0,火花,火花,1.9,1.432,ally_dot,0,unit,
84.0,火花,火花,1.9,1.427,ally_dot,0,unit,
85.0,火花,火花,1.9,1.031,ally_dot,0,unit,
86.0,,爻光,0.714,0.062,ally_diamond,,elation,low_score
87.0,,爻光,0.703,0.025,ally_diamond,,elation,low_score
88.0,,银狼,0.135,0.022,empty,,empty,low_score
89.0,,银狼,0.667,0.03,ally_diamond,,elation,low_score
90.0,,银狼,0.389,0.209,enemy_dot,0,enemy,low_score
91.0,,爻光,0.282,0.004,enemy_dot,0,enemy,low_score
92.0,,银狼,0.297,0.067,enemy_dot,0,enemy,low_score
93.0,爻光,爻光,1.9,0.966,ally_dot,0,unit,
94.0,爻光,爻光,1.9,1.026,ally_dot,0,unit,
95.0,银狼,银狼,1.9,1.426,ally_star,1,unit,
96.0,银狼,银狼,1.9,1.452,ally_dot,0,unit,
97.0,银狼,银狼,1.9,1.45,ally_dot,0,unit,
98.0,银狼,银狼,1.9,1.423,ally_star,1,unit,
99.0,银狼,银狼,1.9,1.427,ally_dot,0,unit,
100.0,,银狼,0.669,0.058,empty,,empty,low_score
101.0,,银狼,0.135,0.308,empty,,empty,low_score
102.0,,真珠,0.258,0.074,empty,,empty,low_score
103.0,,银狼,0.1,0.201,enemy_dot,0,enemy,low_score
104.0,真珠,真珠,1.9,0.999,ally_dot,0,unit,
105.0,,真珠,1.123,0.533,enemy_dot,0,enemy,low_detail
106.0,,银狼,0.336,0.033,gold_aha,,aha,low_score
107.0,,火花,0.534,0.003,gold_aha,,aha,low_score
108.0,,火花,0.557,0.066,gold_aha,,aha,low_score
109.0,,火花,0.556,0.041,gold_aha,,aha,low_score
110.0,,火花,0.49,0.019,gold_aha,,aha,low_score
111.0,,火花,0.547,0.094,gold_aha,,aha,low_score
112.0,,火花,0.574,0.1,gold_aha,,aha,low_score
113.0,,火花,0.502,0.067,gold_aha,,aha,low_score
114.0,,火花,0.483,0.067,gold_aha,,aha,low_score
115.0,,爻光,0.434,0.072,gold_aha,,aha,low_score
116.0,,银狼,0.347,0.014,gold_aha,,aha,low_score
117.0,,真珠,0.413,0.014,gold_aha,,aha,low_score
118.0,,银狼,0.231,0.014,gold_aha,,aha,low_score
119.0,,银狼,0.193,0.042,gold_aha,,aha,low_score
120.0,,银狼,0.184,0.043,empty,,empty,low_score
121.0,,银狼,0.165,0.168,empty,,empty,low_score
122.0,,火花,0.453,0.043,?_dot,0,unit,low_score
123.0,,真珠,0.178,0.009,?_dot,0,unit,low_score
124.0,银狼,银狼,1.9,1.448,ally_dot,0,unit,
125.0,,银狼,0.164,0.103,?_diamond,0,unit,low_score
126.0,,银狼,0.35,0.011,empty,,empty,low_score
127.0,,火花,0.604,0.098,ally_star,1,unit,low_score
128.0,银狼,银狼,1.9,1.408,ally_dot,0,unit,
129.0,银狼,银狼,1.9,1.408,ally_dot,0,unit,
130.0,银狼,银狼,1.9,1.422,ally_dot,0,unit,
131.0,银狼,银狼,1.9,1.409,ally_dot,0,unit,
132.0,银狼,银狼,1.9,1.976,ally_dot,0,unit,
133.0,,真珠,0.245,0.074,empty,,empty,low_score
134.0,银狼,银狼,1.9,1.403,ally_dot,0,unit,
135.0,,银狼,0.348,0.145,enemy_dot,0,enemy,low_score
136.0,,银狼,0.324,0.051,enemy_dot,0,enemy,low_score
137.0,,火花,0.532,0.082,ally_dot,0,unit,low_score
138.0,,银狼,0.344,0.016,?_star,0,unit,low_score
139.0,银狼,银狼,1.9,1.543,ally_star,1,unit,
140.0,银狼,银狼,1.9,1.434,ally_dot,0,unit,
141.0,银狼,银狼,1.9,1.472,ally_star,1,unit,
142.0,银狼,银狼,1.9,1.479,ally_star,1,unit,
143.0,银狼,银狼,1.9,1.425,ally_dot,0,unit,
144.0,,银狼,0.38,0.187,empty,,empty,low_score
145.0,,银狼,0.463,0.191,empty,,empty,low_score
146.0,银狼,银狼,1.9,1.473,ally_dot,0,unit,
147.0,银狼,银狼,1.9,1.492,ally_star,1,unit,
148.0,爻光,爻光,1.9,0.999,ally_dot,0,unit,
149.0,爻光,爻光,1.698,0.943,ally_dot,0,unit,
150.0,,爻光,0.744,0.055,ally_diamond,,elation,low_score
151.0,,银狼,0.502,0.162,enemy_star,1,enemy,low_score
152.0,,银狼,0.552,0.008,enemy_dot,0,enemy,low_score
153.0,,火花,0.376,0.039,enemy_dot,0,enemy,low_score
154.0,,银狼,0.365,0.075,enemy_dot,0,enemy,low_score
155.0,真珠,真珠,1.9,1.037,ally_dot,0,unit,
156.0,,真珠,0.46,0.141,enemy_dot,0,enemy,low_score
157.0,,火花,0.612,0.016,enemy_dot,0,enemy,low_score
158.0,,真珠,0.451,0.096,enemy_dot,0,enemy,low_score
159.0,,银狼,0.349,0.048,gold_aha,,aha,low_score
160.0,,真珠,0.616,0.124,gold_aha,,aha,low_score
161.0,,火花,0.545,0.035,gold_aha,,aha,low_score
162.0,,火花,0.58,0.049,gold_aha,,aha,low_score
163.0,,火花,0.517,0.036,gold_aha,,aha,low_score
164.0,,火花,0.556,0.099,gold_aha,,aha,low_score
165.0,,火花,0.572,0.092,gold_aha,,aha,low_score
166.0,,火花,0.51,0.078,gold_aha,,aha,low_score
167.0,,火花,0.462,0.037,gold_aha,,aha,low_score
168.0,,银狼,0.4,0.09,gold_aha,,aha,low_score
169.0,,火花,0.549,0.113,gold_aha,,aha,low_score
170.0,,银狼,0.272,0.098,enemy_diamond,0,enemy,low_score
171.0,,银狼,0.273,0.112,enemy_diamond,0,enemy,low_score
172.0,,银狼,0.311,0.076,empty,,empty,low_score
173.0,,火花,0.518,0.077,gold_aha,,aha,low_score
174.0,,火花,0.414,0.076,gold_aha,,aha,low_score
175.0,,火花,0.516,0.13,gold_aha,,aha,low_score
176.0,,火花,0.469,0.133,gold_aha,,aha,low_score
177.0,,银狼,0.339,0.044,gold_aha,,aha,low_score
178.0,,银狼,0.352,0.102,gold_aha,,aha,low_score
179.0,,火花,0.537,0.067,gold_aha,,aha,low_score
180.0,,火花,0.551,0.093,gold_aha,,aha,low_score
181.0,,爻光,0.37,0.049,gold_aha,,aha,low_score
182.0,,火花,0.575,0.116,gold_aha,,aha,low_score
183.0,,火花,0.545,0.107,gold_aha,,aha,low_score
184.0,,火花,0.517,0.073,gold_aha,,aha,low_score
185.0,,火花,0.484,0.04,gold_aha,,aha,low_score
186.0,,火花,0.457,0.04,gold_aha,,aha,low_score
187.0,,火花,0.477,0.015,gold_aha,,aha,low_score
188.0,,火花,0.528,0.081,gold_aha,,aha,low_score
189.0,,火花,0.416,0.066,gold_aha,,aha,low_score
190.0,,火花,0.401,0.106,gold_aha,,aha,low_score
191.0,,火花,0.457,0.047,gold_aha,,aha,low_score
192.0,,火花,0.379,0.058,gold_aha,,aha,low_score
193.0,,真珠,0.396,0.029,?_dot,0,unit,low_score
194.0,,银狼,0.3,0.334,empty,,empty,low_score
195.0,,真珠,0.17,0.102,?_dot,0,unit,low_score
196.0,真珠,真珠,1.9,1.012,ally_star,1,unit,
197.0,银狼,银狼,1.9,1.383,ally_dot,0,unit,
198.0,银狼,银狼,1.9,1.413,ally_dot,0,unit,
199.0,银狼,银狼,1.9,1.395,ally_dot,0,unit,
200.0,银狼,银狼,1.9,1.384,ally_dot,0,unit,
201.0,银狼,银狼,1.9,1.441,ally_dot,0,unit,
202.0,,银狼,0.307,0.062,empty,,empty,low_score
203.0,,火花,0.188,0.105,empty,,empty,low_score
204.0,,银狼,0.213,0.18,enemy_dot,0,enemy,low_score
205.0,银狼,银狼,1.9,1.099,ally_diamond,,elation,
206.0,,银狼,0.202,0.042,empty,,empty,low_score
207.0,,银狼,0.319,0.044,empty,,empty,low_score
208.0,,银狼,0.0,0.0,?_dot,0,unit,low_score
209.0,,银狼,0.325,0.044,enemy_diamond,0,enemy,low_score
210.0,,银狼,0.194,0.139,enemy_dot,0,enemy,low_score
211.0,,银狼,0.235,0.09,enemy_dot,0,enemy,low_score
212.0,,真珠,0.354,0.186,?_dot,0,unit,low_score
213.0,,银狼,0.176,0.041,empty,,empty,low_score
214.0,,真珠,0.24,0.105,empty,,empty,low_score
215.0,,银狼,0.079,0.026,enemy_dot,0,enemy,low_score
216.0,,爻光,0.758,0.132,enemy_star,1,enemy,low_score
217.0,,银狼,0.355,0.115,gold_aha,,aha,low_score
218.0,,真珠,0.579,0.108,gold_aha,,aha,low_score
219.0,,火花,0.551,0.091,gold_aha,,aha,low_score
220.0,,火花,0.579,0.093,gold_aha,,aha,low_score
221.0,,火花,0.52,0.083,gold_aha,,aha,low_score
222.0,,火花,0.551,0.102,gold_aha,,aha,low_score
223.0,,爻光,1.136,0.444,gold_aha,,aha,low_margin
224.0,,火花,0.502,0.117,gold_aha,,aha,low_score
225.0,,火花,0.464,0.013,gold_aha,,aha,low_score
226.0,,银狼,0.37,0.187,gold_aha,,aha,low_score
227.0,,火花,0.336,0.044,gold_aha,,aha,low_score
228.0,,真珠,0.363,0.011,gold_aha,,aha,low_score
229.0,,银狼,0.248,0.019,gold_aha,,aha,low_score
230.0,,银狼,0.215,0.026,gold_aha,,aha,low_score
231.0,,银狼,0.087,0.004,?_star,0,unit,low_score
232.0,,银狼,0.272,0.171,?_dot,0,unit,low_score
233.0,,火花,0.496,0.012,empty,,empty,low_score
234.0,,爻光,0.151,0.064,empty,,empty,low_score
235.0,,火花,0.705,0.147,empty,,empty,low_score
236.0,,火花,0.454,0.047,empty,,empty,low_score
237.0,银狼,银狼,1.9,1.426,ally_dot,0,unit,
238.0,银狼,银狼,1.9,1.477,ally_star,1,unit,
239.0,银狼,银狼,1.9,1.456,ally_star,1,unit,
240.0,银狼,银狼,1.9,1.446,ally_star,1,unit,
241.0,银狼,银狼,1.9,1.483,ally_star,1,unit,
242.0,,银狼,0.444,0.176,ally_star,1,unit,low_score
243.0,,火花,0.316,0.135,empty,,empty,low_score
244.0,银狼,银狼,1.9,1.475,ally_star,1,unit,
245.0,银狼,银狼,1.9,1.434,ally_dot,0,unit,
246.0,,银狼,0.29,0.11,?_dot,0,unit,low_score
247.0,火花,火花,1.9,1.46,ally_dot,0,unit,
248.0,火花,火花,1.9,1.448,ally_dot,0,unit,
249.0,火花,火花,1.9,1.484,ally_dot,0,unit,
250.0,火花,火花,1.9,1.452,ally_dot,0,unit,
251.0,火花,火花,1.9,1.451,ally_dot,0,unit,
252.0,火花,火花,1.9,1.444,ally_dot,0,unit,
253.0,火花,火花,1.9,1.495,ally_dot,0,unit,
254.0,火花,火花,1.9,1.274,ally_dot,0,unit,
255.0,,火花,0.778,0.254,enemy_dot,0,enemy,low_score
256.0,,银狼,0.665,0.039,ally_diamond,,elation,low_score
257.0,,爻光,0.712,0.017,ally_diamond,,elation,low_score
258.0,,银狼,0.229,0.067,enemy_dot,0,enemy,low_score
259.0,,爻光,0.321,0.016,enemy_dot,0,enemy,low_score
260.0,,爻光,0.468,0.242,enemy_dot,0,enemy,low_score
261.0,,爻光,0.533,0.179,enemy_dot,0,enemy,low_score
262.0,爻光,爻光,1.9,1.157,ally_dot,0,unit,
263.0,,银狼,0.225,0.046,enemy_dot,0,enemy,low_score
264.0,,爻光,0.564,0.083,enemy_dot,0,enemy,low_score
265.0,,火花,0.271,0.021,enemy_dot,0,enemy,low_score
266.0,,火花,0.399,0.063,enemy_dot,0,enemy,low_score
267.0,,火花,0.269,0.087,enemy_dot,0,enemy,low_score
268.0,,银狼,0.237,0.17,?_dot,0,unit,low_score
269.0,银狼,银狼,1.9,1.46,ally_star,1,unit,
270.0,银狼,银狼,1.9,1.51,ally_dot,0,unit,
271.0,银狼,银狼,1.9,1.466,ally_star,1,unit,
272.0,银狼,银狼,1.9,1.435,ally_dot,0,unit,
273.0,银狼,银狼,1.9,1.981,ally_dot,0,unit,
274.0,,银狼,0.173,0.098,empty,,empty,low_score
275.0,银狼,银狼,1.9,1.55,ally_dot,0,unit,
276.0,真珠,真珠,1.9,1.0,ally_dot,0,unit,
277.0,真珠,真珠,1.9,1.032,ally_dot,0,unit,
278.0,,银狼,0.445,0.097,?_dot,0,unit,low_score
279.0,,银狼,0.484,0.041,enemy_dot,0,enemy,low_score
280.0,,银狼,0.483,0.05,enemy_dot,0,enemy,low_score
281.0,,银狼,0.483,0.05,enemy_dot,0,enemy,low_score
282.0,,银狼,0.484,0.051,enemy_dot,0,enemy,low_score
283.0,,银狼,0.485,0.052,enemy_dot,0,enemy,low_score
284.0,,银狼,0.314,0.07,enemy_dot,0,enemy,low_score
285.0,,银狼,0.199,0.163,?_dot,0,unit,low_score
286.0,,爻光,0.444,0.017,enemy_dot,0,enemy,low_score
287.0,,真珠,0.428,0.11,enemy_dot,0,enemy,low_score
288.0,,银狼,0.337,0.038,gold_aha,,aha,low_score
289.0,,火花,0.55,0.02,gold_aha,,aha,low_score
290.0,,火花,0.537,0.045,gold_aha,,aha,low_score
291.0,,火花,0.57,0.043,gold_aha,,aha,low_score
292.0,,火花,0.536,0.076,gold_aha,,aha,low_score
293.0,,火花,0.528,0.071,gold_aha,,aha,low_score
294.0,,火花,0.243,0.091,gold_aha,,aha,low_score
295.0,,火花,0.506,0.122,gold_aha,,aha,low_score
296.0,,火花,0.501,0.03,gold_aha,,aha,low_score
297.0,,银狼,0.309,0.115,enemy_diamond,0,enemy,low_score
298.0,,银狼,0.271,0.104,enemy_diamond,0,enemy,low_score
299.0,,银狼,0.269,0.106,enemy_diamond,0,enemy,low_score
300.0,,火花,0.485,0.055,gold_aha,,aha,low_score
301.0,,爻光,0.512,0.045,gold_aha,,aha,low_score
302.0,,火花,0.541,0.116,gold_aha,,aha,low_score
303.0,,火花,0.519,0.114,gold_aha,,aha,low_score
304.0,,火花,0.358,0.048,gold_aha,,aha,low_score
305.0,,火花,0.421,0.105,gold_aha,,aha,low_score
306.0,,银狼,0.336,0.084,gold_aha,,aha,low_score
307.0,,银狼,0.216,0.069,gold_aha,,aha,low_score
308.0,,火花,0.565,0.098,gold_aha,,aha,low_score
309.0,,火花,0.54,0.072,gold_aha,,aha,low_score
310.0,,火花,0.504,0.149,gold_aha,,aha,low_score
311.0,,火花,0.562,0.11,gold_aha,,aha,low_score
312.0,,火花,0.555,0.109,gold_aha,,aha,low_score
313.0,,真珠,0.475,0.022,gold_aha,,aha,low_score
314.0,,火花,0.474,0.027,gold_aha,,aha,low_score
315.0,,火花,0.48,0.067,gold_aha,,aha,low_score
316.0,,火花,0.512,0.105,gold_aha,,aha,low_score
317.0,,火花,0.291,0.018,gold_aha,,aha,low_score
318.0,,火花,0.429,0.097,gold_aha,,aha,low_score
319.0,,火花,0.384,0.135,gold_aha,,aha,low_score
320.0,,火花,0.451,0.006,gold_aha,,aha,low_score
321.0,,火花,0.457,0.01,gold_aha,,aha,low_score
322.0,火花,火花,1.9,1.461,ally_dot,0,unit,
323.0,火花,火花,1.9,1.44,ally_dot,0,unit,
324.0,火花,火花,1.9,1.448,ally_dot,0,unit,
325.0,火花,火花,1.9,1.514,ally_dot,0,unit,
326.0,火花,火花,1.9,1.449,ally_dot,0,unit,
327.0,火花,火花,1.9,1.452,ally_dot,0,unit,
328.0,火花,火花,1.9,1.013,ally_dot,0,unit,
329.0,,爻光,0.738,0.051,ally_diamond,,elation,low_score
330.0,,爻光,0.749,0.084,ally_diamond,,elation,low_score
331.0,,银狼,0.495,0.294,?_dot,0,unit,low_score
332.0,,爻光,0.77,0.08,ally_diamond,,elation,low_score
333.0,,银狼,0.26,0.158,enemy_dot,0,enemy,low_score
334.0,,银狼,0.346,0.085,gold_aha,,aha,low_score
335.0,,火花,0.559,0.018,gold_aha,,aha,low_score
336.0,,火花,0.555,0.084,gold_aha,,aha,low_score
337.0,,火花,0.572,0.065,gold_aha,,aha,low_score
338.0,,火花,0.552,0.107,gold_aha,,aha,low_score
339.0,,火花,0.549,0.104,gold_aha,,aha,low_score
340.0,,火花,0.561,0.1,gold_aha,,aha,low_score
341.0,,火花,0.56,0.04,gold_aha,,aha,low_score
342.0,,银狼,0.0,0.0,?_dot,0,unit,low_score
343.0,,真珠,0.129,0.016,empty,,empty,low_score
344.0,,真珠,0.141,0.029,empty,,empty,low_score
345.0,,真珠,0.141,0.029,empty,,empty,low_score
346.0,,真珠,0.141,0.029,empty,,empty,low_score
347.0,,真珠,0.141,0.029,empty,,empty,low_score
348.0,,真珠,0.141,0.029,empty,,empty,low_score
349.0,,真珠,0.141,0.029,empty,,empty,low_score
350.0,,真珠,0.141,0.029,empty,,empty,low_score
351.0,,真珠,0.141,0.029,empty,,empty,low_score
352.0,,真珠,0.141,0.029,empty,,empty,low_score
353.0,,真珠,0.141,0.029,empty,,empty,low_score
354.0,,真珠,0.141,0.029,empty,,empty,low_score
355.0,,真珠,0.141,0.029,empty,,empty,low_score
356.0,,真珠,0.141,0.029,empty,,empty,low_score
357.0,,真珠,0.141,0.029,empty,,empty,low_score
358.0,,真珠,0.141,0.029,empty,,empty,low_score
359.0,,真珠,0.141,0.029,empty,,empty,low_score
360.0,,真珠,0.141,0.029,empty,,empty,low_score
361.0,,真珠,0.141,0.029,empty,,empty,low_score
362.0,,真珠,0.141,0.029,empty,,empty,low_score
363.0,,真珠,0.141,0.029,empty,,empty,low_score
364.0,,真珠,0.141,0.029,empty,,empty,low_score
365.0,,真珠,0.141,0.029,empty,,empty,low_score
366.0,,真珠,0.141,0.029,empty,,empty,low_score
367.0,,真珠,0.141,0.029,empty,,empty,low_score
368.0,,真珠,0.141,0.029,empty,,empty,low_score
369.0,,真珠,0.141,0.029,empty,,empty,low_score
370.0,,真珠,0.141,0.029,empty,,empty,low_score
371.0,,真珠,0.141,0.029,empty,,empty,low_score
372.0,,真珠,0.141,0.029,empty,,empty,low_score
373.0,,真珠,0.141,0.029,empty,,empty,low_score
374.0,,真珠,0.141,0.029,empty,,empty,low_score
375.0,,真珠,0.141,0.029,empty,,empty,low_score
376.0,,真珠,0.141,0.029,empty,,empty,low_score
377.0,,真珠,0.141,0.029,empty,,empty,low_score
378.0,,真珠,0.141,0.029,empty,,empty,low_score
379.0,,真珠,0.141,0.029,empty,,empty,low_score
380.0,,真珠,0.141,0.029,empty,,empty,low_score
