event,t_first,t_last,t_peak,t_anchor,duration,damage_first,damage_final,damage_max,n_readings,unit,owner,owner_start,n_owners,owner_breaks,card_type,inserted,actor_score,actor_margin,actor_t,min_conf,status,quality,issues,readings
1,100.0,101.0,101.0,101.0,1.0,121418,202126,202126,2,死龙,遐蝶,遐蝶,1,,unit,0,1.9,1.16,101.0,0.999,ok,suspect,"reset,mixed_small@100",100121418;101202126
2,102.0,105.0,105.0,102.0,3.0,4505,662096,662096,4,死龙,遐蝶,遐蝶,1,,unit,0,1.9,1.168,102.0,1.0,ok,suspect,"reset,mixed_small@102",1024505;103304505;104304505;105662096
3,106.0,107.0,106.0,106.0,1.0,2809,2809,2809,2,,,,0,,,,,,,0.936,review,ok,"gap2.0s,actor_unknown",1062809;1072809
4,109.0,109.0,109.0,109.0,0.0,48076,48076,48076,1,遐蝶,遐蝶,遐蝶,1,,unit,0,1.9,0.896,109.0,1.0,ok,ok,gap25.0s,10948076
5,134.0,135.0,135.0,135.0,1.0,47794,191176,191176,2,,,,0,,,,,,,1.0,review,suspect,"gap6.0s,mixed_small@134,actor_unknown",13447794;135191176
6,141.0,141.0,141.0,141.0,0.0,108018,108018,108018,1,小伊卡,风堇,风堇,1,,unit,1,1.9,0.952,141.0,1.0,ok,ok,gap7.0s,141108018
7,148.0,149.0,149.0,149.0,1.0,22963,101115,101115,2,死龙,遐蝶,长夜月,2,149:遐蝶,unit,0,1.795,1.069,149.0,1.0,ok,suspect,"gap2.0s,mixed_small@148,multi_owner(149:遐蝶)",14822963;149101115
8,151.0,152.0,152.0,152.0,1.0,284959,324751,324751,2,死龙,遐蝶,遐蝶,1,,unit,0,1.9,1.205,152.0,1.0,ok,ok,gap2.0s,151284959;152324751
9,154.0,154.0,154.0,154.0,0.0,324751,324751,324751,1,,,,0,,,,,,,1.0,review,ok,"gap2.0s,actor_unknown",154324751
10,156.0,156.0,156.0,156.0,0.0,866730,866730,866730,1,长夜,长夜月,长夜月,1,,unit,0,1.9,1.211,156.0,1.0,ok,ok,reset,156866730
11,157.0,157.0,157.0,157.0,0.0,210408,210408,210408,1,长夜,长夜月,长夜月,1,,unit,0,1.314,0.594,157.0,1.0,ok,ok,reset,157210408
12,158.0,158.0,158.0,158.0,0.0,408,408,408,1,长夜,长夜月,,0,,unit,0,1.314,0.594,157.0,0.999,ok,ok,gap5.0s,1580408
13,163.0,163.0,163.0,163.0,0.0,280,280,280,1,长夜,长夜月,,0,,unit,0,1.9,1.143,162.0,1.0,ok,ok,gap4.0s,163280
14,167.0,167.0,167.0,167.0,0.0,113891,113891,113891,1,小伊卡,风堇,风堇,1,,unit,1,1.9,0.904,167.0,1.0,ok,ok,gap5.0s,167113891
15,172.0,172.0,172.0,172.0,0.0,47778,47778,47778,1,,,,0,,,,,,,1.0,review,ok,"gap3.0s,actor_unknown",17247778
16,175.0,175.0,175.0,175.0,0.0,56945,56945,56945,1,小伊卡,风堇,风堇,1,,unit,1,1.9,0.927,175.0,1.0,ok,ok,owner,17556945
17,176.0,176.0,176.0,176.0,0.0,53183,53183,53183,1,遐蝶,遐蝶,遐蝶,1,,unit,0,1.684,0.774,176.0,1.0,ok,ok,gap2.0s,17653183
18,178.0,178.0,178.0,178.0,0.0,27670,27670,27670,1,昔涟,昔涟,昔涟,1,,unit,0,1.9,1.025,178.0,1.0,ok,ok,reset,17827670
19,179.0,179.0,179.0,179.0,0.0,670,670,670,1,昔涟,昔涟,,0,,unit,0,1.9,1.025,178.0,1.0,ok,ok,gap3.0s,179670
20,182.0,184.0,183.0,183.0,2.0,62671,225857,225857,3,,,,0,,,,,,,1.0,review,suspect,"gap8.0s,mixed_small@182,actor_unknown",18262671;183225857;184225857
21,192.0,193.0,193.0,193.0,1.0,55580,138376,138376,2,死龙,遐蝶,遐蝶,1,,unit,0,1.274,0.66,193.0,0.968,ok,suspect,"gap2.0s,mixed_small@192",19255580;193138376
22,195.0,199.0,198.0,195.0,4.0,319195,674271,674271,5,死龙,遐蝶,遐蝶,2,199:风堇,unit,0,1.9,1.213,195.0,1.0,ok,suspect,"gap3.0s,mixed_small@195,multi_owner(199:风堇)",195319195;196319195;197319195;198674271;199674271
23,202.0,204.0,202.0,202.0,2.0,33288,33288,33288,3,小伊卡,风堇,风堇,1,,unit,1,1.9,0.956,202.0,1.0,ok,ok,gap9.0s,20233288;20333288;20433288
24,213.0,214.0,213.0,213.0,1.0,7577,7577,7577,2,风堇,风堇,风堇,1,,unit,0,1.9,0.995,213.0,1.0,ok,ok,gap5.0s,2137577;2147577
25,219.0,219.0,219.0,219.0,0.0,157333,157333,157333,1,小伊卡,风堇,风堇,1,,unit,1,1.9,0.898,219.0,1.0,ok,ok,reset,219157333
26,220.0,220.0,220.0,220.0,0.0,57333,57333,57333,1,昔涟,昔涟,昔涟,1,,unit,0,1.9,1.037,220.0,1.0,ok,ok,reset,22057333
27,221.0,222.0,221.0,221.0,1.0,32209,32209,32209,2,昔涟,昔涟,昔涟,2,222:长夜月,unit,0,1.9,0.953,221.0,1.0,ok,suspect,"gap3.0s,multi_owner(222:长夜月)",22132209;22232209
28,225.0,225.0,225.0,225.0,0.0,155897,155897,155897,1,长夜,长夜月,长夜月,1,,unit,0,1.9,1.096,225.0,0.999,ok,ok,reset,225155897
29,226.0,227.0,226.0,226.0,1.0,49065,49065,49065,2,遐蝶,遐蝶,遐蝶,1,,unit,0,1.9,0.869,226.0,1.0,ok,ok,gap3.0s,22649065;22749065
30,230.0,230.0,230.0,230.0,0.0,25684,25684,25684,1,,,,0,,,,,,,1.0,review,ok,"gap10.0s,actor_unknown",23025684
31,240.0,241.0,240.0,241.0,1.0,255900,255900,255900,2,昔涟,昔涟,昔涟,1,,empty,,1.9,1.148,241.0,0.999,review,ok,"gap5.0s,top_slot_empty",240255900;241255900
32,246.0,246.0,246.0,246.0,0.0,225059,225059,225059,1,,,,0,,,,,,,1.0,review,ok,"gap3.0s,actor_unknown",246225059
33,249.0,249.0,249.0,249.0,0.0,290318,290318,290318,1,昔涟,昔涟,昔涟,1,,unit,0,1.9,1.017,249.0,1.0,ok,ok,reset,249290318
34,250.0,252.0,252.0,252.0,2.0,28182,336448,336448,3,遐蝶,遐蝶,昔涟,2,251:遐蝶,unit,0,1.722,0.857,252.0,1.0,ok,suspect,"gap4.0s,mixed_small@250,multi_owner(251:遐蝶)",25028182;25160542;252336448
35,256.0,262.0,260.0,260.0,6.0,35301,721193,721193,7,死龙,遐蝶,遐蝶,1,,unit,0,1.9,1.2,260.0,0.999,ok,suspect,"gap2.0s,mixed_small@256",25635301;257168056;258390510;259625738;260721193;261721193;262721193
36,264.0,264.0,264.0,264.0,0.0,697980,697980,697980,1,,,,0,,,,,,,1.0,review,ok,"gap3.0s,actor_unknown",264697980
37,267.0,267.0,267.0,267.0,0.0,409984,409984,409984,1,长夜月,长夜月,长夜月,1,,unit,1,1.9,0.91,267.0,1.0,ok,ok,reset,267409984
38,268.0,268.0,268.0,268.0,0.0,54671,54671,54671,1,长夜月,长夜月,,0,,unit,1,1.9,0.91,267.0,1.0,ok,ok,gap3.0s,26854671
39,271.0,277.0,277.0,274.0,6.0,137123,1349238,1349238,7,死龙,遐蝶,遐蝶,1,,unit,0,1.9,1.222,274.0,0.999,ok,suspect,"reset,mixed_small@271",271137123;272350676;273587298;274878410;275904004;276904004;2771349238
40,278.0,278.0,278.0,278.0,0.0,349238,349238,349238,1,,,,0,,,,,,,1.0,review,ok,"gap2.0s,actor_unknown",278349238
41,280.0,280.0,280.0,280.0,0.0,446532,446532,446532,1,长夜,长夜月,长夜月,1,,unit,0,1.9,1.263,280.0,1.0,ok,ok,gap3.0s,280446532
42,283.0,284.0,284.0,284.0,1.0,55930,111860,111860,2,,,,0,,,,,,,1.0,review,suspect,"gap2.0s,mixed_small@283,actor_unknown",28355930;284111860
43,286.0,286.0,286.0,286.0,0.0,272343,272343,272343,1,小伊卡,风堇,风堇,1,,unit,1,1.9,0.904,286.0,1.0,ok,ok,gap2.0s,286272343
44,288.0,288.0,288.0,288.0,0.0,407815,407815,407815,1,小伊卡,风堇,,0,,unit,1,1.9,0.939,287.0,1.0,ok,ok,gap8.0s,288407815
45,296.0,296.0,296.0,296.0,0.0,124403,124403,124403,1,小伊卡,风堇,风堇,1,,unit,1,1.9,0.932,296.0,1.0,ok,ok,reset,296124403
46,297.0,297.0,297.0,297.0,0.0,24403,24403,24403,1,小伊卡,风堇,,0,,unit,1,1.9,0.932,296.0,1.0,ok,ok,gap5.0s,29724403
47,302.0,302.0,302.0,302.0,0.0,120754,120754,120754,1,小伊卡,风堇,风堇,1,,unit,1,1.9,0.926,302.0,0.999,ok,ok,reset,302120754
48,303.0,303.0,303.0,303.0,0.0,20754,20754,20754,1,小伊卡,风堇,,0,,unit,1,1.9,0.926,302.0,1.0,ok,ok,gap3.0s,30320754
49,306.0,308.0,307.0,307.0,2.0,75129,407772,407772,3,德谬歌,昔涟,昔涟,2,308:长夜月,unit,1,1.9,0.893,307.0,1.0,ok,suspect,"gap3.0s,mixed_small@306,multi_owner(308:长夜月)",30675129;307407772;308407772
50,311.0,311.0,311.0,311.0,0.0,379852,379852,379852,1,长夜,长夜月,长夜月,1,,unit,0,1.9,1.258,311.0,1.0,ok,ok,reset,311379852
51,312.0,312.0,312.0,312.0,0.0,7985,7985,7985,1,长夜,长夜月,,0,,unit,0,1.9,1.258,311.0,1.0,ok,ok,gap3.0s,3127985
52,315.0,323.0,323.0,318.0,8.0,50321,1125684,1125684,9,死龙,遐蝶,遐蝶,1,,unit,0,1.9,1.203,318.0,0.995,ok,suspect,"reset,mixed_small@315",31550321;316113959;317190473;318272488;319272488;320272488;321936482;322936482;3231125684
53,324.0,325.0,325.0,325.0,1.0,11684,25684,25684,2,,,,0,,,,,,,1.0,review,suspect,"gap14.0s,mixed_small@324,actor_unknown",32411684;32525684
54,339.0,339.0,339.0,339.0,0.0,401681,401681,401681,1,,,,0,,,,,,,1.0,review,partial,actor_unknown,339401681
