event,t_first,t_last,t_peak,t_anchor,duration,damage_first,damage_final,damage_max,n_readings,unit,owner,owner_start,n_owners,owner_breaks,card_type,inserted,actor_score,actor_margin,actor_t,min_conf,status,quality,issues,readings,actor_src,t_res,n_frames,n_trusted,n_rejected,reject_kinds,rejected,t_trusted_span,pairs,split_candidates
1,98.2,105.6,105.0,102.6,7.4,16009,662096,662096,28,死龙,遐蝶,长夜月,2,98.8:遐蝶,unit,0,1.875,1.162,102.6,0.422,ok,suspect,"reset,multi_owner(98.8:遐蝶)",98.616009;98.832018;9948028;99.253364;99.687391;100121418;100.4148321;100.6175223;100.8193158;101202126;101.2220764;101.4240107;101.6259449;102.2304505;102.4304505;102.6304505;102.8304505;103304505;103.2304505;103.4304505;103.6304505;103.8304505;104304505;104.2304505;104.4304505;104.6304505;104.8304505;105662096,read,0.2s,38,28,5,frag:sub×2;glitch:dip×3,99.4=00773[glitch:dip 00773<53364|87391]; 99.8=07808[glitch:dip 07808<87391|121418]; 101.8=5492[glitch:dip 5492<259449|304505]; 102=4505[frag:sub 4505⊂304505@102.2]; 105.2=2096[frag:sub 2096⊂662096@105],98.6~105,98.6:16009|98.8:32018|99:48028|99.2:53364|99.6:87391|100:121418|100.4:148321|100.6:175223|100.8:193158|101:202126|101.2:220764|101.4:240107|101.6:259449|102.2:304505|102.4:304505|102.6:304505|102.8:304505|103:304505|103.2:304505|103.4:304505|103.6:304505|103.8:304505|104:304505|104.2:304505|104.4:304505|104.6:304505|104.8:304505|105:662096,maybe_split@102(4505);maybe_split@105.2(2096)
2,105.2,107.8,105.8,105.8,2.6,2809,2809,2809,7,死龙,遐蝶,,0,,unit,0,1.875,1.162,102.6,0.935,ok,ok,"blank0.8s,ult_window_A",105.82809;1062809;106.22809;106.82809;1072809;107.22809;107.42809,ult_A,0.2s,14,7,3,frag:sub×3,105.2=2096[frag:sub 2096⊂662096@105]; 106.4=809[frag:sub 809⊂2809@105.8]; 106.6=809[frag:sub 809⊂2809@105.8],105.8~107.4,105.8:2809|106:2809|106.2:2809|106.8:2809|107:2809|107.2:2809|107.4:2809,maybe_split@105.2(2096);maybe_split@106.4(809);maybe_split@106.6(809)
3,108.2,110.2,108.8,108.8,2.0,48076,48076,48076,5,遐蝶,遐蝶,遐蝶,2,109.4:风堇,unit,0,1.696,0.764,108.8,0.0,ok,suspect,"gap2.7s,multi_owner(109.4:风堇)",108.848076;10948076;109.248076;109.448076;109.648076,read,0.2s,11,5,1,frag:sub×1,108.6=076[frag:sub 076⊂48076@108.8],108.8~109.6,108.8:48076|109:48076|109.2:48076|109.4:48076|109.6:48076,maybe_split@108.6(076)
4,112.0,113.0,112.3,112.3,1.0,107023,107023,107023,4,小伊卡,风堇,风堇,1,,unit,1,1.88,0.917,112.3,0.0,ok,ok,gap21.2s,112.3107023;112.4107023;112.6107023;112.8107023,read,0.2s,8,4,0,,,112.3~112.8,112.3:107023|112.4:107023|112.6:107023|112.8:107023,
5,133.6,136.2,134.8,134.8,2.6,47794,191176,191176,7,昔涟,昔涟,,0,,unit,1,1.9,0.914,129.0,0.999,ok,ok,"gap5.5s,ult_window_A",13447794;134.147794;134.247794;134.447794;134.8191176;135191176;135.1191176,ult_A,0.2s,21,7,2,frag:sub×1;glitch:dip×1,134.3=494[glitch:dip 494<47794|47794]; 135.7=19117[frag:sub 19117⊂191176@134.8],134~135.1,134:47794|134.1:47794|134.2:47794|134.4:47794|134.8:191176|135:191176|135.1:191176,maybe_split@135.7(19117)
6,140.2,141.4,140.6,140.6,1.2,108018,108018,108018,3,小伊卡,风堇,风堇,1,,unit,1,1.887,0.942,140.6,1.0,ok,ok,gap7.0s,140.6108018;140.8108018;141108018,read,0.2s,7,3,0,,,140.6~141,140.6:108018|140.8:108018|141:108018,
7,147.6,154.2,151.4,151.4,6.6,22963,324751,324751,25,死龙,遐蝶,长夜月,2,148.4:遐蝶,unit,0,1.874,1.146,151.4,0.0,ok,suspect,"swap@154.4,multi_owner(148.4:遐蝶)",14822963;148.457408;148.657408;148.879262;149101115;149.2122969;149.4130254;149.8168488;150.6232327;150.8263171;151284959;151.2306746;151.4324751;151.6324751;151.8324751;152324751;152.2324751;152.4324751;152.6324751;152.8324751;153.2324751;153.4324751;153.6324751;153.8324751;154324751,read,0.2s,34,25,1,glitch:dip×1,149.6=1471[glitch:dip 1471<130254|168488],148~154,148:22963|148.4:57408|148.6:57408|148.8:79262|149:101115|149.2:122969|149.4:130254|149.8:168488|150.6:232327|150.8:263171|151:284959|151.2:306746|151.4:324751|151.6:324751|151.8:324751|152:324751|152.2:324751|152.4:324751|152.6:324751|152.8:324751|153.2:324751|153.4:324751|153.6:324751|153.8:324751|154:324751,
8,154.2,156.4,154.4,155.6,2.2,866730,866730,866730,7,长夜,长夜月,长夜月,1,,unit,0,1.829,1.086,155.6,0.0,ok,ok,blank0.6s,154.4866730;154.6866730;155.2866730;155.4866730;155.6866730;155.8866730;156866730,read,0.2s,12,7,0,,,154.4~156,154.4:866730|154.6:866730|155.2:866730|155.4:866730|155.6:866730|155.8:866730|156:866730,
9,156.6,158.8,157.0,157.0,2.2,210408,210408,210408,3,长夜,长夜月,长夜月,1,,unit,0,1.314,0.594,157.0,0.999,ok,ok,gap4.2s,157210408;157.2210408;157.4210408,read,0.2s,12,3,5,frag:sub×5,157.8=0408[frag:sub 0408⊂210408@157]; 158=0408[frag:sub 0408⊂210408@157]; 158.2=0408[frag:sub 0408⊂210408@157]; 158.4=0408[frag:sub 0408⊂210408@157]; 158.6=21040[frag:sub 21040⊂210408@157.2],157~157.4,157:210408|157.2:210408|157.4:210408,maybe_split@157.8(0408);maybe_split@158(0408);maybe_split@158.2(0408);maybe_split@158.4(0408);maybe_split@158.6(21040)
10,161.0,162.0,161.6,161.6,1.0,248152,248152,248152,2,长夜,长夜月,长夜月,1,,unit,0,1.747,1.117,161.6,0.0,ok,ok,reset,161.6248152;161.8248152,read,0.2s,6,2,0,,,161.6~161.8,161.6:248152|161.8:248152,
11,162.0,164.0,162.2,162.2,2.0,2809,2809,2809,6,长夜,长夜月,长夜月,1,,unit,0,1.888,1.129,162.2,1.0,ok,ok,gap3.4s,162.22809;162.42809;162.62809;163.22809;163.42809;163.62809,read,0.2s,11,6,2,frag:sub×2,162.8=809[frag:sub 809⊂2809@162.2]; 163=280[frag:sub 280⊂2809@162.2],162.2~163.6,162.2:2809|162.4:2809|162.6:2809|163.2:2809|163.4:2809|163.6:2809,maybe_split@162.8(809);maybe_split@163(280)
12,167.0,167.0,167.0,167.0,0.0,113891,113891,113891,1,小伊卡,风堇,风堇,1,,unit,1,1.9,0.904,167.0,1.0,ok,ok,gap4.8s,167113891,read,1s,1,1,0,,,167~167,167:113891,
13,171.4,172.4,171.8,171.8,1.0,47778,47778,47778,2,,,,0,,,,,,,1.0,review,ok,"gap2.6s,actor_unknown",171.847778;17247778,,0.2s,6,2,0,,,171.8~172,171.8:47778|172:47778,
14,174.2,177.4,174.6,174.6,3.2,56945,53183,56945,7,小伊卡,风堇,风堇,2,175.6:遐蝶,unit,1,1.886,0.908,174.6,0.0,ok,suspect,"reset,multi_owner(175.6:遐蝶)",174.656945;174.856945;17556945;175.456945;175.656945;17653183;176.253183,read,0.2s,17,7,1,frag:sub×1,176.6=3183[frag:sub 3183⊂53183@176],174.6~176.2,174.6:56945|174.8:56945|175:56945|175.4:56945|175.6:56945|176:53183|176.2:53183,maybe_split@176.6(3183)
15,176.4,179.6,177.8,177.8,3.2,13823,27670,27670,6,昔涟,昔涟,昔涟,1,,unit,0,1.844,0.972,177.8,0.0,ok,ok,gap2.8s,177.613823;177.827670;17827670;178.627670;178.827670;179.227670,read,0.2s,17,6,2,frag:sub×2,176.6=3183[frag:sub 3183⊂53183@176]; 179=670[frag:sub 670⊂27670@177.8],177.6~179.2,177.6:13823|177.8:27670|178:27670|178.6:27670|178.8:27670|179.2:27670,maybe_split@176.6(3183);maybe_split@179(670)
16,181.6,184.0,182.6,182.6,2.4,62671,225857,225857,8,昔涟,昔涟,,0,,unit,1,1.9,0.928,180.0,0.987,ok,ok,"gap7.8s,ult_window_S",18262671;182.262671;182.462671;182.6225857;182.8225857;183225857;183.4225857;184225857,ult_S,0.2s,13,8,3,frag:sub×3,183.2=857[frag:sub 857⊂225857@182.6]; 183.6=5857[frag:sub 5857⊂225857@182.6]; 183.8=5857[frag:sub 5857⊂225857@182.6],182~184,182:62671|182.2:62671|182.4:62671|182.6:225857|182.8:225857|183:225857|183.4:225857|184:225857,maybe_split@183.2(857);maybe_split@183.6(5857);maybe_split@183.8(5857)
17,191.2,199.8,197.8,195.4,8.6,45709,674271,674271,30,死龙,遐蝶,遐蝶,2,199:风堇,unit,0,1.867,1.193,195.4,0.0,ok,suspect,"gap3.0s,multi_owner(199:风堇)",191.845709;19255580;192.263134;192.483172;192.6105832;192.8120939;193138376;193.2158141;193.4173330;193.6188520;194.2239354;194.4260540;194.6292320;194.8302913;195319195;195.2319195;195.4319195;195.6319195;195.8319195;196319195;196.2319195;196.4319195;196.6319195;196.8319195;197319195;197.4319195;197.8674271;198674271;198.6674271;199674271,read,0.2s,44,30,3,frag:small×1;frag:sub×2,191.6=1817[frag:small 1817≪45709@191.8]; 197.2=9195[frag:sub 9195⊂319195@195.8]; 199.2=674[frag:sub 674⊂674271@197.8],191.8~199,191.8:45709|192:55580|192.2:63134|192.4:83172|192.6:105832|192.8:120939|193:138376|193.2:158141|193.4:173330|193.6:188520|194.2:239354|194.4:260540|194.6:292320|194.8:302913|195:319195|195.2:319195|195.4:319195|195.6:319195|195.8:319195|196:319195|196.2:319195|196.4:319195|196.6:319195|196.8:319195|197:319195|197.4:319195|197.8:674271|198:674271|198.6:674271|199:674271,maybe_split@191.6(1817);maybe_split@197.2(9195);maybe_split@199.2(674)
18,202.0,204.0,202.0,202.0,2.0,33288,33288,33288,3,小伊卡,风堇,风堇,1,,unit,1,1.9,0.956,202.0,1.0,ok,ok,gap9.0s,20233288;20333288;20433288,read,1s,3,3,0,,,202~204,202:33288|203:33288|204:33288,
19,213.0,214.0,213.0,213.0,1.0,7577,7577,7577,2,风堇,风堇,风堇,1,,unit,0,1.9,0.995,213.0,1.0,ok,ok,gap4.8s,2137577;2147577,read,1s,2,2,0,,,213~214,213:7577|214:7577,
20,218.4,219.6,218.8,218.8,1.2,157333,157333,157333,3,小伊卡,风堇,风堇,1,,unit,1,1.886,0.886,218.8,0.0,ok,ok,reset,218.8157333;219157333;219.2157333,read,0.2s,7,3,0,,,218.8~219.2,218.8:157333|219:157333|219.2:157333,
21,219.4,220.4,219.8,219.8,1.0,57333,57333,57333,3,昔涟,昔涟,昔涟,1,,unit,0,1.691,0.82,219.8,0.0,ok,ok,reset,219.857333;22057333;220.257333,read,0.2s,6,3,1,glitch:flicker×1,220.4=157333[glitch:flicker 157333 复现@220.4（首次 219.2）],219.8~220.2,219.8:57333|220:57333|220.2:57333,
22,220.4,222.8,221.0,221.0,2.4,17986,32209,32209,9,昔涟,昔涟,昔涟,2,221.8:长夜月,unit,0,1.9,0.953,221.0,0.602,ok,suspect,"gap2.2s,multi_owner(221.8:长夜月)",220.617986;220.817986;22132209;221.232209;221.432209;221.632209;221.832209;22232209;222.232209,read,0.2s,13,9,1,glitch:flicker×1,220.4=157333[glitch:flicker 157333 复现@220.4（首次 219.2）],220.6~222.2,220.6:17986|220.8:17986|221:32209|221.2:32209|221.4:32209|221.6:32209|221.8:32209|222:32209|222.2:32209,
23,224.0,225.4,224.4,224.4,1.4,155897,155897,155897,4,长夜,长夜月,长夜月,1,,unit,0,1.68,0.88,224.4,0.999,ok,ok,reset,224.4155897;224.6155897;224.8155897;225155897,read,0.2s,8,4,2,frag:sub×2,225.2=55897[frag:sub 55897⊂155897@224.4]; 225.4=55897[frag:sub 55897⊂155897@224.4],224.4~225,224.4:155897|224.6:155897|224.8:155897|225:155897,maybe_split@225.2(55897);maybe_split@225.4(55897)
24,225.2,227.4,225.6,225.6,2.2,49065,49065,49065,7,遐蝶,遐蝶,遐蝶,1,,unit,0,1.862,0.943,225.6,0.999,ok,ok,gap2.6s,225.649065;225.849065;22649065;226.449065;226.649065;226.849065;22749065,read,0.2s,12,7,2,frag:sub×2,225.2=55897[frag:sub 55897⊂155897@224.4]; 225.4=55897[frag:sub 55897⊂155897@224.4],225.6~227,225.6:49065|225.8:49065|226:49065|226.4:49065|226.6:49065|226.8:49065|227:49065,maybe_split@225.2(55897);maybe_split@225.4(55897)
25,228.6,230.0,229.6,229.6,1.4,25684,25684,25684,3,,,,0,,,,,,,0.0,review,ok,"gap9.4s,actor_unknown",229.625684;229.825684;23025684,,0.2s,8,3,0,,,229.6~230,229.6:25684|229.8:25684|230:25684,
26,239.0,242.0,240.0,241.0,3.0,108508,255900,255900,8,昔涟,昔涟,昔涟,1,,empty,,1.9,1.148,241.0,0.996,review,ok,"gap3.0s,top_slot_empty",239.4108508;239.6108508;239.8108508;240255900;240.2255900;240.4255900;241255900;241.2255900,read,0.2s,16,8,2,frag:sub×2,241.4=55900[frag:sub 55900⊂255900@240]; 241.6=25590[frag:sub 25590⊂255900@240.2],239.4~241.2,239.4:108508|239.6:108508|239.8:108508|240:255900|240.2:255900|240.4:255900|241:255900|241.2:255900,maybe_split@241.4(55900);maybe_split@241.6(25590)
27,243.8,246.8,245.2,245.2,3.0,77667,225059,225059,7,昔涟,昔涟,,0,,unit,1,1.885,0.913,242.4,0.863,ok,ok,"reset,ult_window_A",244.277667;244.477667;245.2225059;245.4225059;245.8225059;246225059;246.2225059,ult_A,0.2s,16,7,3,frag:sub×3,244.6=667[frag:sub 667⊂77667@244.2]; 245.6=059[frag:sub 059⊂225059@245.2]; 246.4=5059[frag:sub 5059⊂225059@245.2],244.2~246.2,244.2:77667|244.4:77667|245.2:225059|245.4:225059|245.8:225059|246:225059|246.2:225059,maybe_split@244.6(667);maybe_split@245.6(059);maybe_split@246.4(5059)
28,247.0,250.0,248.2,249.0,3.0,125698,290318,290318,6,昔涟,昔涟,昔涟,1,,unit,0,1.9,1.017,249.0,0.99,ok,ok,reset,247.4125698;247.6125698;247.8125698;248.2290318;248.4290318;249290318,read,0.2s,16,6,3,frag:small×2;frag:sub×1,248.6=0318[frag:sub 0318⊂290318@248.2]; 249.8=28182[frag:small 28182≪290318@248.4]; 250=28182[frag:small 28182≪290318@249],247.4~249,247.4:125698|247.6:125698|247.8:125698|248.2:290318|248.4:290318|249:290318,maybe_split@248.6(0318);maybe_split@249.8(28182);maybe_split@250(28182)
29,249.2,253.2,251.8,251.8,4.0,60542,336448,336448,10,遐蝶,遐蝶,昔涟,2,250.8:遐蝶,unit,0,1.663,0.771,251.8,0.0,ok,suspect,"gap3.2s,multi_owner(250.8:遐蝶)",250.260542;250.460542;250.860542;25160542;251.8336448;252336448;252.2336448;252.4336448;252.6336448;252.8336448,read,0.2s,21,10,3,frag:small×2;frag:sub×1,249.8=28182[frag:small 28182≪290318@248.4]; 250=28182[frag:small 28182≪290318@249]; 250.6=6054[frag:sub 6054⊂60542@250.2],250.2~252.8,250.2:60542|250.4:60542|250.8:60542|251:60542|251.8:336448|252:336448|252.2:336448|252.4:336448|252.6:336448|252.8:336448,maybe_split@249.8(28182);maybe_split@250(28182);maybe_split@250.6(6054)
30,255.6,263.8,262.4,260.2,8.2,35301,1116982,1116982,30,死龙,遐蝶,遐蝶,1,,unit,0,1.869,1.155,260.2,0.0,ok,ok,reset,25635301;256.260111;256.498473;256.6121030;256.8134687;257168056;257.2212391;257.4279194;257.8345986;258390510;258.6514437;258.8558391;259625738;259.4697329;259.8721193;260721193;260.2721193;260.4721193;260.6721193;260.8721193;261721193;261.2721193;261.4721193;261.6721193;261.8721193;262721193;262.2721193;262.41116982;263.21116982;263.41116982,read,0.2s,42,30,4,frag:sub×1;glitch:dip×2;glitch:spike×1,257.6=1457[glitch:dip 1457<279194|345986]; 258.2=4350036[glitch:spike 4350036>390510|514437]; 259.2=9602[glitch:dip 9602<625738|697329]; 262.6=116982[frag:sub 116982⊂1116982@262.4],256~263.4,256:35301|256.2:60111|256.4:98473|256.6:121030|256.8:134687|257:168056|257.2:212391|257.4:279194|257.8:345986|258:390510|258.6:514437|258.8:558391|259:625738|259.4:697329|259.8:721193|260:721193|260.2:721193|260.4:721193|260.6:721193|260.8:721193|261:721193|261.2:721193|261.4:721193|261.6:721193|261.8:721193|262:721193|262.2:721193|262.4:1116982|263.2:1116982|263.4:1116982,maybe_split@262.6(116982)
31,263.6,264.8,264.0,264.0,1.2,697980,697980,697980,3,,,,0,,,,,,,1.0,review,ok,"gap2.2s,actor_unknown",264697980;264.2697980;264.4697980,,0.2s,7,3,0,,,264~264.4,264:697980|264.2:697980|264.4:697980,
32,266.0,268.8,268.2,267.6,2.8,409984,954671,954671,7,长夜月,长夜月,长夜月,1,,unit,1,1.763,0.831,267.6,0.999,ok,ok,gap2.2s,266.6409984;267409984;267.2409984;267.4409984;267.6409984;268.2954671;268.4954671,read,0.2s,15,7,1,frag:sub×1,268=54671[frag:sub 54671⊂954671@268.2],266.6~268.4,266.6:409984|267:409984|267.2:409984|267.4:409984|267.6:409984|268.2:954671|268.4:954671,maybe_split@268(54671)
33,270.2,279.0,276.8,274.6,8.8,60832,1349238,1349238,31,死龙,遐蝶,长夜月,2,270.8:遐蝶;278.6:长夜月,unit,0,1.859,1.147,274.6,0.0,ok,suspect,"reset,multi_owner(270.8:遐蝶;278.6:长夜月)",270.660832;270.892500;271137123;271.6270591;272350676;272.2376870;272.4451335;272.6503724;272.8563528;273587298;273.2645080;273.4700453;273.6760241;273.8822316;274878410;274.4904004;274.6904004;274.8904004;275904004;275.2904004;275.4904004;275.6904004;275.8904004;276904004;276.2904004;276.4904004;276.6904004;276.81349238;2771349238;277.21349238;278.61349238,read,0.2s,45,31,6,frag:sub×4;glitch:dip×1;glitch:spike×1,271.4=1805007[glitch:spike 1805007>137123|270591]; 271.8=00633[glitch:dip 00633<270591|350676]; 277.8=349238[frag:sub 349238⊂1349238@276.8]; 278=349238[frag:sub 349238⊂1349238@276.8]; 278.2=349238[frag:sub 349238⊂1349238@276.8]; 278.4=349238[frag:sub 349238⊂1349238@277],270.6~278.6,270.6:60832|270.8:92500|271:137123|271.6:270591|272:350676|272.2:376870|272.4:451335|272.6:503724|272.8:563528|273:587298|273.2:645080|273.4:700453|273.6:760241|273.8:822316|274:878410|274.4:904004|274.6:904004|274.8:904004|275:904004|275.2:904004|275.4:904004|275.6:904004|275.8:904004|276:904004|276.2:904004|276.4:904004|276.6:904004|276.8:1349238|277:1349238|277.2:1349238|278.6:1349238,maybe_split@277.8(349238);maybe_split@278(349238);maybe_split@278.2(349238);maybe_split@278.4(349238)
34,279.2,280.0,279.8,279.8,0.8,446532,446532,446532,2,长夜,长夜月,长夜月,1,,unit,0,1.841,1.24,279.8,0.928,ok,ok,gap3.0s,279.8446532;280446532,read,0.2s,5,2,1,frag:sub×1,279.6=46532[frag:sub 46532⊂446532@279.8],279.8~280,279.8:446532|280:446532,maybe_split@279.6(46532)
35,283.0,284.8,283.4,284.2,1.8,55930,111860,111860,8,小伊卡,风堇,风堇,1,,unit,1,1.711,0.93,284.2,1.0,ok,ok,gap1.6s,28355930;283.2101796;283.4111860;283.6111860;283.8111860;284111860;284.2111860;284.4111860,read,0.2s,10,8,0,,,283~284.4,283:55930|283.2:101796|283.4:111860|283.6:111860|283.8:111860|284:111860|284.2:111860|284.4:111860,
36,285.6,289.6,287.2,287.2,4.0,272343,407815,407815,10,小伊卡,风堇,风堇,1,,unit,1,1.877,0.865,287.2,1.0,ok,ok,gap7.4s,286272343;286.2272343;286.4272343;286.6272343;287.2407815;287.4407815;287.6407815;287.8407815;288407815;288.2407815,read,0.2s,21,10,0,,,286~288.2,286:272343|286.2:272343|286.4:272343|286.6:272343|287.2:407815|287.4:407815|287.6:407815|287.8:407815|288:407815|288.2:407815,
37,295.2,297.2,295.6,295.6,2.0,124403,124403,124403,3,小伊卡,风堇,风堇,1,,unit,1,1.882,0.888,295.6,1.0,ok,ok,gap5.6s,295.6124403;295.8124403;296124403,read,0.2s,11,3,4,frag:sub×4,296.6=24403[frag:sub 24403⊂124403@295.6]; 296.8=24403[frag:sub 24403⊂124403@295.6]; 297=24403[frag:sub 24403⊂124403@295.6]; 297.2=244[frag:sub 244⊂124403@295.8],295.6~296,295.6:124403|295.8:124403|296:124403,maybe_split@296.6(24403);maybe_split@296.8(24403);maybe_split@297(24403);maybe_split@297.2(244)
38,301.2,303.2,301.6,301.6,2.0,120754,120754,120754,3,小伊卡,风堇,风堇,1,,unit,1,1.876,0.913,301.6,0.952,ok,ok,gap3.8s,301.6120754;301.8120754;302120754,read,0.2s,11,3,3,frag:sub×3,302.6=20754[frag:sub 20754⊂120754@301.6]; 302.8=20754[frag:sub 20754⊂120754@301.6]; 303=20754[frag:sub 20754⊂120754@301.6],301.6~302,301.6:120754|301.8:120754|302:120754,maybe_split@302.6(20754);maybe_split@302.8(20754);maybe_split@303(20754)
39,305.4,308.4,306.6,306.6,3.0,75129,407772,407772,11,德谬歌,昔涟,昔涟,2,307.4:长夜月,unit,1,1.755,0.797,306.6,0.995,ok,suspect,"gap3.0s,multi_owner(307.4:长夜月)",305.875129;30675129;306.275129;306.6407772;306.8407772;307407772;307.2407772;307.4407772;307.6407772;307.8407772;308407772,read,0.2s,16,11,0,,,305.8~308,305.8:75129|306:75129|306.2:75129|306.6:407772|306.8:407772|307:407772|307.2:407772|307.4:407772|307.6:407772|307.8:407772|308:407772,
40,310.6,312.8,311.0,311.0,2.2,379852,379852,379852,6,长夜,长夜月,长夜月,1,,unit,0,1.9,1.258,311.0,0.999,ok,ok,gap2.0s,311379852;311.2379852;311.4379852;311.8379852;312.2379852;312.4379852,read,0.2s,12,6,1,frag:sub×1,312=7985[frag:sub 7985⊂379852@311],311~312.4,311:379852|311.2:379852|311.4:379852|311.8:379852|312.2:379852|312.4:379852,maybe_split@312(7985)
41,314.0,325.6,322.6,318.4,11.6,15096,1125684,1125684,43,死龙,遐蝶,遐蝶,1,,unit,0,1.851,1.192,318.4,0.561,ok,ok,gap15.2s,314.415096;314.625160;31550321;315.256685;315.475776;315.694867;315.8113959;316113959;316.2123864;316.4140517;316.6165495;317190473;317.2208322;317.6236789;317.8254639;318272488;318.2272488;318.4272488;318.6272488;318.8272488;319272488;319.2272488;319.4272488;319.6272488;319.8272488;320272488;320.2272488;320.4272488;320.6272488;320.8936483;321936482;321.6936482;321.8936482;322936482;322.2936482;322.4936482;322.61125684;322.81125684;3231125684;323.21125684;323.41125684;323.61125684;323.81125684,read,0.2s,59,43,9,frag:small×2;frag:sub×5;glitch:dip×1;glitch:spike×1,314.8=490237[glitch:spike 490237>25160|50321]; 317.4=89490[glitch:dip 89490<208322|236789]; 324=11684[frag:small 11684≪1125684@322.6]; 324.2=25684[frag:sub 25684⊂1125684@322.8]; 324.4=125684[frag:sub 125684⊂1125684@323]; 324.6=25684[frag:sub 25684⊂1125684@323.2]; 324.8=25684[frag:sub 25684⊂1125684@323.4]; 325=25684[frag:sub 25684⊂1125684@323.6]; 325.2=25686[frag:small 25686≪1125684@323.8],314.4~323.8,314.4:15096|314.6:25160|315:50321|315.2:56685|315.4:75776|315.6:94867|315.8:113959|316:113959|316.2:123864|316.4:140517|316.6:165495|317:190473|317.2:208322|317.6:236789|317.8:254639|318:272488|318.2:272488|318.4:272488|318.6:272488|318.8:272488|319:272488|319.2:272488|319.4:272488|319.6:272488|319.8:272488|320:272488|320.2:272488|320.4:272488|320.6:272488|320.8:936483|321:936482|321.6:936482|321.8:936482|322:936482|322.2:936482|322.4:936482|322.6:1125684|322.8:1125684|323:1125684|323.2:1125684|323.4:1125684|323.6:1125684|323.8:1125684,maybe_split@324(11684);maybe_split@324.2(25684);maybe_split@324.4(125684);maybe_split@324.6(25684);maybe_split@324.8(25684);maybe_split@325(25684);maybe_split@325.2(25686)
42,339.0,339.0,339.0,339.0,0.0,401681,401681,401681,1,,,,0,,,,,,,1.0,review,partial,actor_unknown,339401681,,1s,1,1,0,,,339~339,339:401681,
