t,text,verdict,font,conf,how,cand,def_text,def_verdict,def_digits,def_chain,def_h,pix_text,pix_verdict,pix_digits,pix_h
0.0,,空,none,0.0,两套字体都没切出字形（HUD 不可见）,,,空,0,,0.0,,空,0,0.0
1.0,,空,none,0.0,两套字体都没切出字形（HUD 不可见）,,,空,0,,0.0,,空,0,0.0
2.0,,空,none,0.0,两套字体都没切出字形（HUD 不可见）,,,空,0,,0.0,,空,0,0.0
3.0,,空,none,0.0,两套字体都没切出字形（HUD 不可见）,,,空,0,,0.0,,空,0,0.0
4.0,,空,none,0.0,两套字体都没切出字形（HUD 不可见）,,,空,0,,0.0,,空,0,0.0
5.0,,空,none,0.0,两套字体都没切出字形（HUD 不可见）,,,空,0,,0.0,,空,0,0.0
6.0,,空,none,0.0,两套字体都没切出字形（HUD 不可见）,,,空,0,,0.0,,空,0,0.0
7.0,,空,none,0.0,两套字体都没切出字形（HUD 不可见）,,,空,0,,0.0,,空,0,0.0
8.0,,空,none,0.0,两套字体都没切出字形（HUD 不可见）,,,空,0,,0.0,,空,0,0.0
9.0,,空,none,0.0,两套字体都没切出字形（HUD 不可见）,,,空,0,,0.0,,空,0,0.0
10.0,,空,none,0.0,两套字体都没切出字形（HUD 不可见）,,,空,0,,0.0,,空,0,0.0
11.0,37,ok,default,0.988,只有常规体给出完整读数,,37,ok,2,36,60.0,,空,0,0.0
12.0,45002,ok,default,1.0,只有常规体给出完整读数,,45002,ok,5,24,94.0,,空,0,0.0
13.0,,空,none,0.0,两套字体都没切出字形（HUD 不可见）,,,空,0,24,0.0,,空,0,0.0
14.0,,空,none,0.0,两套字体都没切出字形（HUD 不可见）,,,空,0,53,0.0,,空,0,0.0
15.0,,空,none,0.0,两套字体都没切出字形（HUD 不可见）,,,空,0,24,0.0,,空,0,0.0
16.0,,空,none,0.0,两套字体都没切出字形（HUD 不可见）,,,空,0,24,0.0,,空,0,0.0
17.0,,待复核,pixel,0.0,两套字体都不完整（常规体 - / 像素体 ?）,?,,空,0,120,0.0,?,待复核,0,148.0
18.0,,空,none,0.0,两套字体都没切出字形（HUD 不可见）,,,空,0,43,0.0,,空,0,0.0
19.0,,空,none,0.0,两套字体都没切出字形（HUD 不可见）,,,空,0,120,0.0,,空,0,0.0
20.0,,空,none,0.0,两套字体都没切出字形（HUD 不可见）,,,空,0,,0.0,,空,0,0.0
21.0,,空,none,0.0,两套字体都没切出字形（HUD 不可见）,,,空,0,,0.0,,空,0,0.0
22.0,,空,none,0.0,两套字体都没切出字形（HUD 不可见）,,,空,0,,0.0,,空,0,0.0
23.0,,空,none,0.0,两套字体都没切出字形（HUD 不可见）,,,空,0,120,0.0,,空,0,0.0
24.0,,空,none,0.0,两套字体都没切出字形（HUD 不可见）,,,空,0,,0.0,,空,0,0.0
25.0,,空,none,0.0,两套字体都没切出字形（HUD 不可见）,,,空,0,,0.0,,空,0,0.0
26.0,,待复核,default,0.0,两套字体都不完整（常规体 340130 / 像素体 -）,340130,340130,待复核,6,24,93.5,,空,0,0.0
27.0,,空,none,0.0,两套字体都没切出字形（HUD 不可见）,,,空,0,,0.0,,空,0,0.0
28.0,,空,none,0.0,两套字体都没切出字形（HUD 不可见）,,,空,0,50,0.0,,空,0,0.0
29.0,286055,ok,default,1.0,只有常规体给出完整读数,,286055,ok,6,24,93.5,,空,0,0.0
30.0,279947,ok,default,1.0,只有常规体给出完整读数,,279947,ok,6,24,62.0,,空,0,0.0
31.0,,待复核,default,0.0,两套字体都不完整（常规体 ???79947 / 像素体 -）,???79947,???79947,待复核,5,24,93.5,,空,0,0.0
32.0,,空,none,0.0,两套字体都没切出字形（HUD 不可见）,,,空,0,,0.0,,空,0,0.0
33.0,,空,none,0.0,两套字体都没切出字形（HUD 不可见）,,,空,0,,0.0,,空,0,0.0
34.0,,空,none,0.0,两套字体都没切出字形（HUD 不可见）,,,空,0,24,0.0,,空,0,0.0
35.0,100291,ok,default,1.0,只有常规体给出完整读数,,100291,ok,6,24,94.0,,空,0,0.0
36.0,5,ok,default,0.776,只有常规体给出完整读数,,5,ok,1,85,24.0,,空,0,0.0
37.0,,待复核,pixel,0.0,两套字体都不完整（常规体 - / 像素体 ????）,????,,空,0,,0.0,????,待复核,1,58.0
38.0,,空,none,0.0,两套字体都没切出字形（HUD 不可见）,,,空,0,,0.0,,空,0,0.0
39.0,,空,none,0.0,两套字体都没切出字形（HUD 不可见）,,,空,0,,0.0,,空,0,0.0
40.0,,待复核,pixel,0.0,两套字体都不完整（常规体 - / 像素体 0?）,0?,,空,0,,0.0,0?,待复核,2,74.5
41.0,,空,none,0.0,两套字体都没切出字形（HUD 不可见）,,,空,0,,0.0,,空,0,0.0
42.0,,空,none,0.0,两套字体都没切出字形（HUD 不可见）,,,空,0,,0.0,,空,0,0.0
43.0,,空,none,0.0,两套字体都没切出字形（HUD 不可见）,,,空,0,,0.0,,空,0,0.0
44.0,,空,none,0.0,两套字体都没切出字形（HUD 不可见）,,,空,0,24,0.0,,空,0,0.0
45.0,52576,ok,pixel,0.993,只有像素体给出完整读数,,808?6,待复核,5,46,16.0,52576,ok,5,66.0
46.0,111391,ok,pixel,1.0,只有像素体给出完整读数,,,空,2,38,12.0,111391,ok,6,51.0
47.0,322209,ok,pixel,0.999,只有像素体给出完整读数,,,空,2,31,14.0,322209,ok,6,56.0
48.0,474099,ok,pixel,0.551,只有像素体给出完整读数,,,空,1,27,14.0,474099,ok,6,51.0
49.0,590596,ok,pixel,1.0,只有像素体给出完整读数,,,空,4,27,12.0,590596,ok,6,48.0
50.0,708869,ok,pixel,0.983,只有像素体给出完整读数,,,空,4,29,12.0,708869,ok,6,48.0
51.0,7816869,ok,pixel,0.862,只有像素体给出完整读数,,,空,3,25,12.0,7816869,ok,7,48.0
52.0,0,ok,default,0.998,只有常规体给出完整读数,,0,ok,1,24,19.0,,空,0,0.0
53.0,76912,ok,pixel,1.0,只有像素体给出完整读数,,,空,3,32,12.0,76912,ok,5,55.0
54.0,396277,ok,pixel,0.558,只有像素体给出完整读数,,,空,0,34,0.0,396277,ok,6,52.5
55.0,286969,ok,pixel,0.999,只有像素体给出完整读数,,,空,4,29,12.0,286969,ok,6,54.5
56.0,461291,ok,pixel,1.0,只有像素体给出完整读数,,,空,1,25,12.0,461291,ok,6,50.0
57.0,575571,ok,pixel,1.0,只有像素体给出完整读数,,,空,3,47,12.0,575571,ok,6,52.5
58.0,575571,ok,pixel,1.0,只有像素体给出完整读数,,,空,3,43,12.0,575571,ok,6,48.0
59.0,,待复核,conflict,0.0,两套字体给出不同数（常规体 680 / 像素体 693479）——不猜,,680,ok,3,24,17.0,693479,ok,6,81.5
60.0,,空,none,0.0,两套字体都没切出字形（HUD 不可见）,,,空,0,,0.0,,空,0,0.0
61.0,,空,none,0.0,两套字体都没切出字形（HUD 不可见）,,,空,0,,0.0,,空,0,0.0
62.0,,空,none,0.0,两套字体都没切出字形（HUD 不可见）,,,空,0,,0.0,,空,0,0.0
63.0,,空,none,0.0,两套字体都没切出字形（HUD 不可见）,,,空,0,,0.0,,空,0,0.0
64.0,,空,none,0.0,两套字体都没切出字形（HUD 不可见）,,,空,0,24,0.0,,空,0,0.0
65.0,,空,none,0.0,两套字体都没切出字形（HUD 不可见）,,,空,0,24,0.0,,空,0,0.0
66.0,,空,none,0.0,两套字体都没切出字形（HUD 不可见）,,,空,0,,0.0,,空,0,0.0
67.0,,空,none,0.0,两套字体都没切出字形（HUD 不可见）,,,空,0,120,0.0,,空,0,0.0
68.0,,空,none,0.0,两套字体都没切出字形（HUD 不可见）,,,空,0,,0.0,,空,0,0.0
69.0,,空,none,0.0,两套字体都没切出字形（HUD 不可见）,,,空,0,,0.0,,空,0,0.0
70.0,348404,ok,default,1.0,只有常规体给出完整读数,,348404,ok,6,24,93.5,,空,0,0.0
71.0,,空,none,0.0,两套字体都没切出字形（HUD 不可见）,,,空,0,27,0.0,,空,0,0.0
72.0,3,ok,default,0.573,只有常规体给出完整读数,,3,ok,1,104,41.0,0??4,待复核,2,50.0
73.0,186043,ok,default,1.0,只有常规体给出完整读数,,186043,ok,6,24,69.0,,空,0,0.0
74.0,,待复核,default,0.0,两套字体都不完整（常规体 4?83 / 像素体 -）,4?83,4?83,待复核,3,30,93.5,,空,0,0.0
75.0,77,ok,pixel,0.966,只有像素体给出完整读数,,?,待复核,0,61,22.0,77,ok,2,62.5
76.0,,空,none,0.0,两套字体都没切出字形（HUD 不可见）,,,空,0,,0.0,,空,0,0.0
77.0,,空,none,0.0,两套字体都没切出字形（HUD 不可见）,,,空,0,24,0.0,,空,0,0.0
78.0,,空,none,0.0,两套字体都没切出字形（HUD 不可见）,,,空,0,,0.0,,空,0,0.0
79.0,,待复核,pixel,0.0,两套字体都不完整（常规体 - / 像素体 8??8）,8??8,,空,0,,0.0,8??8,待复核,2,110.0
80.0,7,ok,pixel,0.992,只有像素体给出完整读数,,,空,0,,0.0,7,ok,1,64.0
81.0,,空,none,0.0,两套字体都没切出字形（HUD 不可见）,,,空,0,,0.0,,空,0,0.0
82.0,7,ok,pixel,1.0,只有像素体给出完整读数,,,空,0,,0.0,7,ok,1,46.0
83.0,7,ok,pixel,0.992,只有像素体给出完整读数,,,空,0,24,0.0,7,ok,1,46.0
84.0,,待复核,pixel,0.0,两套字体都不完整（常规体 - / 像素体 ??498??8）,??498??8,,空,0,,0.0,??498??8,待复核,6,88.0
85.0,392061,ok,default,1.0,只有常规体给出完整读数,,392061,ok,6,24,63.0,,空,0,0.0
86.0,,空,none,0.0,两套字体都没切出字形（HUD 不可见）,,,空,0,24,0.0,,空,0,0.0
87.0,144403,ok,default,1.0,只有常规体给出完整读数,,144403,ok,6,24,93.0,,空,0,0.0
88.0,,待复核,default,0.0,两套字体都不完整（常规体 165??? / 像素体 -）,165???,165???,待复核,3,24,93.0,,空,0,0.0
89.0,122621,ok,default,1.0,只有常规体给出完整读数,,122621,ok,6,24,62.5,,空,0,0.0
90.0,122621,ok,default,1.0,只有常规体给出完整读数,,122621,ok,6,24,93.5,,空,0,0.0
91.0,,空,none,0.0,两套字体都没切出字形（HUD 不可见）,,,空,0,,0.0,,空,0,0.0
92.0,,空,none,0.0,两套字体都没切出字形（HUD 不可见）,,,空,0,,0.0,,空,0,0.0
93.0,,空,none,0.0,两套字体都没切出字形（HUD 不可见）,,,空,0,24,0.0,,空,0,0.0
94.0,30983,ok,default,1.0,只有常规体给出完整读数,,30983,ok,5,24,63.0,,空,0,0.0
95.0,30983,ok,default,1.0,只有常规体给出完整读数,,30983,ok,5,24,95.0,,空,0,0.0
96.0,109046,ok,pixel,1.0,只有像素体给出完整读数,,,空,1,24,14.0,109046,ok,6,67.0
97.0,240347,ok,pixel,1.0,只有像素体给出完整读数,,,空,0,24,0.0,240347,ok,6,62.5
98.0,343829,ok,pixel,0.998,只有像素体给出完整读数,,,空,0,25,0.0,343829,ok,6,50.5
99.0,472905,ok,pixel,0.801,只有像素体给出完整读数,,,空,0,24,0.0,472905,ok,6,55.0
100.0,506286,ok,pixel,0.795,只有像素体给出完整读数,,,空,6,27,12.0,506286,ok,6,50.0
101.0,622349,ok,pixel,1.0,只有像素体给出完整读数,,????69,待复核,2,24,18.0,622349,ok,6,75.0
102.0,,待复核,conflict,0.0,两套字体给出不同数（常规体 08 / 像素体 622349）——不猜,,08,ok,2,43,16.5,622349,ok,6,82.5
103.0,,空,none,0.0,两套字体都没切出字形（HUD 不可见）,,,空,0,24,0.0,,空,0,0.0
104.0,,空,none,0.0,两套字体都没切出字形（HUD 不可见）,,,空,0,24,0.0,,空,0,0.0
105.0,,空,none,0.0,两套字体都没切出字形（HUD 不可见）,,,空,0,24,0.0,,空,0,0.0
106.0,,空,none,0.0,两套字体都没切出字形（HUD 不可见）,,,空,0,,0.0,,空,0,0.0
107.0,2,ok,default,0.747,只有常规体给出完整读数,,2,ok,1,24,88.0,,空,0,0.0
108.0,,空,none,0.0,两套字体都没切出字形（HUD 不可见）,,,空,0,,0.0,,空,0,0.0
109.0,,空,none,0.0,两套字体都没切出字形（HUD 不可见）,,,空,0,43,0.0,,空,0,0.0
110.0,,空,none,0.0,两套字体都没切出字形（HUD 不可见）,,,空,0,,0.0,,空,0,0.0
111.0,,空,none,0.0,两套字体都没切出字形（HUD 不可见）,,,空,0,,0.0,,空,0,0.0
112.0,,待复核,default,0.0,两套字体都不完整（常规体 23?9 / 像素体 -）,23?9,23?9,待复核,3,24,65.5,,空,0,0.0
113.0,,待复核,default,0.0,两套字体都不完整（常规体 233??9 / 像素体 -）,233??9,233??9,待复核,4,24,94.0,,空,0,0.0
114.0,,空,none,0.0,两套字体都没切出字形（HUD 不可见）,,,空,0,24,0.0,,空,0,0.0
115.0,,待复核,default,0.0,两套字体都不完整（常规体 4??403 / 像素体 -）,4??403,4??403,待复核,4,24,94.0,,空,0,0.0
116.0,117293,ok,default,0.747,只有常规体给出完整读数,,117293,ok,6,40,72.0,,空,0,0.0
117.0,,待复核,default,0.0,两套字体都不完整（常规体 11??93 / 像素体 -）,11??93,11??93,待复核,4,24,94.0,,空,0,0.0
118.0,,空,none,0.0,两套字体都没切出字形（HUD 不可见）,,,空,0,,0.0,,空,0,0.0
119.0,,空,none,0.0,两套字体都没切出字形（HUD 不可见）,,,空,0,,0.0,,空,0,0.0
120.0,,空,none,0.0,两套字体都没切出字形（HUD 不可见）,,,空,0,,0.0,,空,0,0.0
121.0,,空,none,0.0,两套字体都没切出字形（HUD 不可见）,,,空,0,,0.0,,空,0,0.0
122.0,,空,none,0.0,两套字体都没切出字形（HUD 不可见）,,,空,0,,0.0,,空,0,0.0
123.0,,空,none,0.0,两套字体都没切出字形（HUD 不可见）,,,空,0,24,0.0,,空,0,0.0
124.0,8858,ok,pixel,0.977,只有像素体给出完整读数,,,空,2,27,13.0,8858,ok,4,52.5
125.0,,待复核,conflict,0.0,两套字体给出不同数（常规体 0808608 / 像素体 0858）——不猜,,0808608,ok,7,24,16.0,0858,ok,4,76.0
126.0,,空,none,0.0,两套字体都没切出字形（HUD 不可见）,,,空,0,,0.0,,空,0,0.0
127.0,,待复核,default,0.0,两套字体都不完整（常规体 ???57488 / 像素体 -）,???57488,???57488,待复核,5,24,93.0,,空,0,0.0
128.0,,空,none,0.0,两套字体都没切出字形（HUD 不可见）,,,空,0,24,0.0,,空,0,0.0
129.0,230393,ok,pixel,0.975,只有像素体给出完整读数,,,空,3,31,14.0,230393,ok,6,62.0
130.0,301696,ok,pixel,1.0,只有像素体给出完整读数,,,空,5,25,14.0,301696,ok,6,54.0
131.0,540227,ok,pixel,0.889,只有像素体给出完整读数,,,空,0,24,0.0,540227,ok,6,56.0
132.0,701639,ok,pixel,1.0,只有像素体给出完整读数,,,空,3,24,12.0,701639,ok,6,49.0
133.0,,待复核,pixel,0.0,两套字体都不完整（常规体 - / 像素体 -）,,,空,3,24,12.0,,待复核,6,48.5
134.0,,待复核,conflict,0.0,两套字体给出不同数（常规体 880688 / 像素体 886503）——不猜,,880688,ok,6,40,16.0,886503,ok,6,75.5
135.0,,空,none,0.0,两套字体都没切出字形（HUD 不可见）,,,空,0,,0.0,,空,0,0.0
136.0,,空,none,0.0,两套字体都没切出字形（HUD 不可见）,,,空,0,,0.0,,空,0,0.0
137.0,,空,none,0.0,两套字体都没切出字形（HUD 不可见）,,,空,0,,0.0,,空,0,0.0
138.0,,空,none,0.0,两套字体都没切出字形（HUD 不可见）,,,空,0,,0.0,,空,0,0.0
139.0,28086,ok,pixel,0.835,只有像素体给出完整读数,,,空,5,27,14.0,28086,ok,5,54.0
140.0,48782,ok,pixel,0.924,只有像素体给出完整读数,,,空,3,52,14.0,48782,ok,5,55.0
141.0,138999,ok,pixel,0.995,只有像素体给出完整读数,,,空,5,32,14.0,138999,ok,6,66.0
142.0,21694,ok,pixel,1.0,只有像素体给出完整读数,,,空,0,36,0.0,21694,ok,5,54.0
143.0,263138,ok,pixel,0.996,只有像素体给出完整读数,,,空,6,27,12.0,263138,ok,6,55.0
144.0,317595,ok,pixel,1.0,只有像素体给出完整读数,,,空,2,29,13.0,317595,ok,6,49.0
145.0,317595,ok,pixel,1.0,只有像素体给出完整读数,,,空,4,37,12.0,317595,ok,6,53.0
146.0,,待复核,conflict,0.0,两套字体给出不同数（常规体 00 / 像素体 392470）——不猜,,00,ok,2,24,15.0,392470,ok,6,74.5
147.0,,空,none,0.0,两套字体都没切出字形（HUD 不可见）,,,空,0,,0.0,,空,0,0.0
148.0,,空,none,0.0,两套字体都没切出字形（HUD 不可见）,,,空,0,,0.0,,空,0,0.0
149.0,,空,none,0.0,两套字体都没切出字形（HUD 不可见）,,,空,0,29,0.0,,空,0,0.0
150.0,,空,none,0.0,两套字体都没切出字形（HUD 不可见）,,,空,0,,0.0,,空,0,0.0
151.0,,待复核,default,0.0,两套字体都不完整（常规体 ?01181 / 像素体 -）,?01181,?01181,待复核,5,24,93.0,,空,0,0.0
152.0,,空,none,0.0,两套字体都没切出字形（HUD 不可见）,,,空,0,,0.0,,空,0,0.0
153.0,,空,none,0.0,两套字体都没切出字形（HUD 不可见）,,,空,0,24,0.0,,空,0,0.0
154.0,,空,none,0.0,两套字体都没切出字形（HUD 不可见）,,,空,0,24,0.0,,空,0,0.0
155.0,,空,none,0.0,两套字体都没切出字形（HUD 不可见）,,,空,0,24,0.0,,空,0,0.0
156.0,69387,ok,default,1.0,只有常规体给出完整读数,,69387,ok,5,24,94.0,,空,0,0.0
157.0,,空,none,0.0,两套字体都没切出字形（HUD 不可见）,,,空,0,,0.0,,空,0,0.0
158.0,,空,none,0.0,两套字体都没切出字形（HUD 不可见）,,,空,0,24,0.0,,空,0,0.0
159.0,,空,none,0.0,两套字体都没切出字形（HUD 不可见）,,,空,0,24,0.0,,空,0,0.0
160.0,,空,none,0.0,两套字体都没切出字形（HUD 不可见）,,,空,0,24,0.0,,空,0,0.0
161.0,,空,none,0.0,两套字体都没切出字形（HUD 不可见）,,,空,0,,0.0,,空,0,0.0
162.0,,空,none,0.0,两套字体都没切出字形（HUD 不可见）,,,空,0,120,0.0,,空,0,0.0
163.0,,空,none,0.0,两套字体都没切出字形（HUD 不可见）,,,空,0,,0.0,,空,0,0.0
164.0,,空,none,0.0,两套字体都没切出字形（HUD 不可见）,,,空,0,,0.0,,空,0,0.0
165.0,552256,ok,default,0.771,只有常规体给出完整读数,,552256,ok,6,24,62.5,,空,0,0.0
166.0,532256,ok,default,1.0,只有常规体给出完整读数,,532256,ok,6,24,93.5,,空,0,0.0
167.0,,空,none,0.0,两套字体都没切出字形（HUD 不可见）,,,空,0,120,0.0,,空,0,0.0
168.0,679500,ok,default,1.0,只有常规体给出完整读数,,679500,ok,6,24,93.5,,空,0,0.0
169.0,230552,ok,default,1.0,只有常规体给出完整读数,,230552,ok,6,24,64.5,,空,0,0.0
170.0,230552,ok,default,1.0,只有常规体给出完整读数,,230552,ok,6,24,94.0,,空,0,0.0
171.0,,空,none,0.0,两套字体都没切出字形（HUD 不可见）,,,空,0,,0.0,,空,0,0.0
172.0,,空,none,0.0,两套字体都没切出字形（HUD 不可见）,,,空,0,,0.0,,空,0,0.0
173.0,,空,none,0.0,两套字体都没切出字形（HUD 不可见）,,,空,0,,0.0,,空,0,0.0
174.0,,空,none,0.0,两套字体都没切出字形（HUD 不可见）,,,空,0,,0.0,,空,0,0.0
175.0,,空,none,0.0,两套字体都没切出字形（HUD 不可见）,,,空,0,,0.0,,空,0,0.0
176.0,,空,none,0.0,两套字体都没切出字形（HUD 不可见）,,,空,0,,0.0,,空,0,0.0
177.0,,空,none,0.0,两套字体都没切出字形（HUD 不可见）,,,空,0,,0.0,,空,0,0.0
178.0,,空,none,0.0,两套字体都没切出字形（HUD 不可见）,,,空,0,,0.0,,空,0,0.0
179.0,,空,none,0.0,两套字体都没切出字形（HUD 不可见）,,,空,0,120,0.0,,空,0,0.0
180.0,,空,none,0.0,两套字体都没切出字形（HUD 不可见）,,,空,0,,0.0,,空,0,0.0
181.0,,空,none,0.0,两套字体都没切出字形（HUD 不可见）,,,空,0,,0.0,,空,0,0.0
182.0,,空,none,0.0,两套字体都没切出字形（HUD 不可见）,,,空,0,,0.0,,空,0,0.0
183.0,,空,none,0.0,两套字体都没切出字形（HUD 不可见）,,,空,0,120,0.0,,空,0,0.0
184.0,593044,ok,default,1.0,只有常规体给出完整读数,,593044,ok,6,24,93.5,,空,0,0.0
185.0,,空,none,0.0,两套字体都没切出字形（HUD 不可见）,,,空,0,24,0.0,,空,0,0.0
186.0,,待复核,pixel,0.0,两套字体都不完整（常规体 - / 像素体 ?）,?,,空,0,24,0.0,?,待复核,0,65.0
187.0,319674,ok,default,1.0,只有常规体给出完整读数,,319674,ok,6,24,76.0,,空,0,0.0
188.0,1277417,ok,default,1.0,只有常规体给出完整读数,,1277417,ok,7,24,61.0,,空,0,0.0
189.0,,待复核,default,0.0,两套字体都不完整（常规体 12???17 / 像素体 -）,12???17,12???17,待复核,4,30,93.0,,空,0,0.0
190.0,,空,none,0.0,两套字体都没切出字形（HUD 不可见）,,,空,0,,0.0,,空,0,0.0
191.0,,待复核,default,0.0,两套字体都不完整（常规体 ??8930 / 像素体 ?）,??8930,??8930,待复核,4,24,63.0,?,待复核,1,42.0
192.0,,空,none,0.0,两套字体都没切出字形（HUD 不可见）,,,空,0,24,0.0,,空,0,0.0
193.0,,空,none,0.0,两套字体都没切出字形（HUD 不可见）,,,空,0,,0.0,,空,0,0.0
194.0,,空,none,0.0,两套字体都没切出字形（HUD 不可见）,,,空,0,,0.0,,空,0,0.0
195.0,,空,none,0.0,两套字体都没切出字形（HUD 不可见）,,,空,1,60,14.0,,空,0,0.0
196.0,1,ok,default,0.687,只有常规体给出完整读数,,1,ok,1,24,38.0,,空,0,0.0
197.0,,待复核,conflict,0.0,两套字体给出不同数（常规体 608860 / 像素体 203800）——不猜,,608860,ok,6,32,15.0,203800,ok,6,64.0
198.0,461948,ok,pixel,0.888,只有像素体给出完整读数,,,空,1,32,12.0,461948,ok,6,55.0
199.0,1383409,ok,pixel,0.995,只有像素体给出完整读数,,,空,0,32,0.0,1383409,ok,7,54.0
200.0,2052321,ok,pixel,1.0,只有像素体给出完整读数,,,空,0,24,0.0,2052321,ok,7,58.0
201.0,2409162,ok,pixel,0.561,只有像素体给出完整读数,,,空,4,29,12.0,2409162,ok,7,51.0
202.0,3003584,ok,pixel,0.779,只有像素体给出完整读数,,,空,0,27,0.0,3003584,ok,7,52.0
203.0,3003504,ok,pixel,1.0,只有像素体给出完整读数,,,空,0,25,0.0,3003504,ok,7,48.0
204.0,,待复核,conflict,0.0,两套字体给出不同数（常规体 08 / 像素体 3704810）——不猜,,08,ok,2,24,16.0,3704810,ok,7,74.0
205.0,7,ok,pixel,0.959,只有像素体给出完整读数,,,空,0,,0.0,7,ok,1,63.0
206.0,,空,none,0.0,两套字体都没切出字形（HUD 不可见）,,,空,0,,0.0,,空,0,0.0
207.0,,空,none,0.0,两套字体都没切出字形（HUD 不可见）,,,空,0,,0.0,,空,0,0.0
208.0,,空,none,0.0,两套字体都没切出字形（HUD 不可见）,,,空,0,,0.0,,空,0,0.0
209.0,375410,ok,default,1.0,只有常规体给出完整读数,,375410,ok,6,24,93.0,,空,0,0.0
210.0,,空,none,0.0,两套字体都没切出字形（HUD 不可见）,,,空,0,,0.0,,空,0,0.0
211.0,,空,none,0.0,两套字体都没切出字形（HUD 不可见）,,,空,0,,0.0,,空,0,0.0
212.0,,空,none,0.0,两套字体都没切出字形（HUD 不可见）,,,空,0,,0.0,,空,0,0.0
213.0,5,ok,default,0.986,只有常规体给出完整读数,,5,ok,1,24,59.0,,空,0,0.0
214.0,,空,none,0.0,两套字体都没切出字形（HUD 不可见）,,,空,0,24,0.0,,空,0,0.0
215.0,,空,none,0.0,两套字体都没切出字形（HUD 不可见）,,,空,0,43,0.0,,空,0,0.0
216.0,,空,none,0.0,两套字体都没切出字形（HUD 不可见）,,,空,0,49,0.0,,空,0,0.0
217.0,,空,none,0.0,两套字体都没切出字形（HUD 不可见）,,,空,0,,0.0,,空,0,0.0
218.0,,空,none,0.0,两套字体都没切出字形（HUD 不可见）,,,空,0,24,0.0,,空,0,0.0
219.0,,空,none,0.0,两套字体都没切出字形（HUD 不可见）,,,空,0,,0.0,,空,0,0.0
220.0,,空,none,0.0,两套字体都没切出字形（HUD 不可见）,,,空,0,24,0.0,,空,0,0.0
221.0,,空,none,0.0,两套字体都没切出字形（HUD 不可见）,,,空,0,,0.0,,空,0,0.0
222.0,,空,none,0.0,两套字体都没切出字形（HUD 不可见）,,,空,0,,0.0,,空,0,0.0
223.0,,待复核,default,0.0,两套字体都不完整（常规体 ???526?? / 像素体 -）,???526??,???526??,待复核,3,24,94.0,,空,0,0.0
224.0,352672,ok,default,1.0,只有常规体给出完整读数,,352672,ok,6,24,93.5,,空,0,0.0
225.0,,空,none,0.0,两套字体都没切出字形（HUD 不可见）,,,空,0,120,0.0,,空,0,0.0
226.0,412881,ok,default,0.999,只有常规体给出完整读数,,412881,ok,6,24,93.5,,空,0,0.0
227.0,870125,ok,default,1.0,只有常规体给出完整读数,,870125,ok,6,24,62.0,,空,0,0.0
228.0,,待复核,default,0.0,两套字体都不完整（常规体 8701?? / 像素体 -）,8701??,8701??,待复核,4,24,95.0,,空,0,0.0
229.0,,空,none,0.0,两套字体都没切出字形（HUD 不可见）,,,空,0,,0.0,,空,0,0.0
230.0,,空,none,0.0,两套字体都没切出字形（HUD 不可见）,,,空,0,,0.0,,空,0,0.0
231.0,,空,none,0.0,两套字体都没切出字形（HUD 不可见）,,,空,0,,0.0,,空,0,0.0
232.0,,空,none,0.0,两套字体都没切出字形（HUD 不可见）,,,空,0,,0.0,,空,0,0.0
233.0,,空,none,0.0,两套字体都没切出字形（HUD 不可见）,,,空,0,,0.0,,空,0,0.0
234.0,,空,none,0.0,两套字体都没切出字形（HUD 不可见）,,,空,0,,0.0,,空,0,0.0
235.0,,空,none,0.0,两套字体都没切出字形（HUD 不可见）,,,空,0,,0.0,,空,0,0.0
236.0,,空,none,0.0,两套字体都没切出字形（HUD 不可见）,,,空,0,,0.0,,空,0,0.0
237.0,40153,ok,pixel,0.919,只有像素体给出完整读数,,,空,1,27,14.0,40153,ok,5,49.0
238.0,123692,ok,pixel,1.0,只有像素体给出完整读数,,,空,5,28,12.0,123692,ok,6,50.5
239.0,337848,ok,pixel,0.961,只有像素体给出完整读数,,,空,0,47,0.0,337848,ok,6,60.0
240.0,524134,ok,pixel,1.0,只有像素体给出完整读数,,,空,3,77,14.0,524134,ok,6,53.0
241.0,,待复核,conflict,0.0,两套字体给出不同数（常规体 66 / 像素体 634166）——不猜,,66,ok,2,31,15.0,634166,ok,6,55.0
242.0,787374,ok,pixel,0.952,只有像素体给出完整读数,,,空,0,41,0.0,787374,ok,6,49.0
243.0,,待复核,pixel,0.0,两套字体都不完整（常规体 - / 像素体 -）,,,空,2,47,13.0,,待复核,4,48.0
244.0,,待复核,conflict,0.0,两套字体给出不同数（常规体 08 / 像素体 986538）——不猜,,08,ok,2,38,17.5,986538,ok,6,76.0
245.0,,空,none,0.0,两套字体都没切出字形（HUD 不可见）,,,空,0,,0.0,,空,0,0.0
246.0,,空,none,0.0,两套字体都没切出字形（HUD 不可见）,,,空,0,,0.0,,空,0,0.0
247.0,,空,none,0.0,两套字体都没切出字形（HUD 不可见）,,,空,0,,0.0,,空,0,0.0
248.0,,空,none,0.0,两套字体都没切出字形（HUD 不可见）,,,空,0,,0.0,,空,0,0.0
249.0,,空,none,0.0,两套字体都没切出字形（HUD 不可见）,,,空,0,,0.0,,空,0,0.0
250.0,,空,none,0.0,两套字体都没切出字形（HUD 不可见）,,,空,0,,0.0,,空,0,0.0
251.0,,空,none,0.0,两套字体都没切出字形（HUD 不可见）,,,空,0,,0.0,,空,0,0.0
252.0,,空,none,0.0,两套字体都没切出字形（HUD 不可见）,,,空,0,24,0.0,,空,0,0.0
253.0,,空,none,0.0,两套字体都没切出字形（HUD 不可见）,,,空,0,,0.0,,空,0,0.0
254.0,,空,none,0.0,两套字体都没切出字形（HUD 不可见）,,,空,0,,0.0,,空,0,0.0
255.0,200557,ok,default,0.999,只有常规体给出完整读数,,200557,ok,6,24,93.5,,空,0,0.0
256.0,178556,ok,default,1.0,只有常规体给出完整读数,,178556,ok,6,24,62.0,,空,0,0.0
257.0,,空,none,0.0,两套字体都没切出字形（HUD 不可见）,,,空,0,47,0.0,,空,0,0.0
258.0,186555,ok,default,1.0,只有常规体给出完整读数,,186555,ok,6,24,93.0,,空,0,0.0
259.0,,空,none,0.0,两套字体都没切出字形（HUD 不可见）,,,空,0,120,0.0,,空,0,0.0
260.0,04717171717,ok,pixel,0.977,只有像素体给出完整读数,,9181?,待复核,5,31,40.0,04717171717,ok,11,88.0
261.0,,空,none,0.0,两套字体都没切出字形（HUD 不可见）,,,空,0,,0.0,,空,0,0.0
262.0,1128,ok,default,1.0,只有常规体给出完整读数,,1128,ok,4,36,81.0,,空,0,0.0
263.0,4752,ok,default,1.0,只有常规体给出完整读数,,4752,ok,4,24,93.0,,空,0,0.0
264.0,,空,none,0.0,两套字体都没切出字形（HUD 不可见）,,,空,0,120,0.0,,空,0,0.0
265.0,,空,none,0.0,两套字体都没切出字形（HUD 不可见）,,,空,0,,0.0,,空,0,0.0
266.0,,空,none,0.0,两套字体都没切出字形（HUD 不可见）,,,空,0,,0.0,,空,0,0.0
267.0,,空,none,0.0,两套字体都没切出字形（HUD 不可见）,,,空,0,24,0.0,,空,0,0.0
268.0,,空,none,0.0,两套字体都没切出字形（HUD 不可见）,,,空,0,24,0.0,,空,0,0.0
269.0,143483,ok,pixel,0.879,只有像素体给出完整读数,,,空,0,29,0.0,143483,ok,6,56.0
270.0,,待复核,pixel,0.0,两套字体都不完整（常规体 - / 像素体 -）,,,空,0,24,0.0,,待复核,5,67.0
271.0,558869,ok,pixel,0.75,只有像素体给出完整读数,,,空,4,26,13.0,558869,ok,6,55.0
272.0,829047,ok,pixel,0.664,只有像素体给出完整读数,,,空,0,30,0.0,829047,ok,6,51.0
273.0,1022456,ok,pixel,1.0,只有像素体给出完整读数,,,空,1,24,14.0,1022456,ok,7,55.0
274.0,1022456,ok,pixel,1.0,只有像素体给出完整读数,,,空,3,27,14.0,1022456,ok,7,48.0
275.0,259167,ok,pixel,1.0,只有像素体给出完整读数,,?,待复核,1,30,18.0,259167,ok,6,76.0
276.0,,空,none,0.0,两套字体都没切出字形（HUD 不可见）,,,空,0,52,0.0,,空,0,0.0
277.0,95688,ok,default,1.0,只有常规体给出完整读数,,95688,ok,5,24,89.0,,空,0,0.0
278.0,956,ok,default,0.856,只有常规体给出完整读数,,956,ok,3,24,93.0,,空,0,0.0
279.0,,空,none,0.0,两套字体都没切出字形（HUD 不可见）,,,空,0,24,0.0,,空,0,0.0
280.0,,空,none,0.0,两套字体都没切出字形（HUD 不可见）,,,空,0,,0.0,,空,0,0.0
281.0,,空,none,0.0,两套字体都没切出字形（HUD 不可见）,,,空,0,,0.0,,空,0,0.0
282.0,,空,none,0.0,两套字体都没切出字形（HUD 不可见）,,,空,0,,0.0,,空,0,0.0
283.0,,空,none,0.0,两套字体都没切出字形（HUD 不可见）,,,空,0,,0.0,,空,0,0.0
284.0,,空,none,0.0,两套字体都没切出字形（HUD 不可见）,,,空,0,24,0.0,,空,0,0.0
285.0,,待复核,default,0.0,两套字体都不完整（常规体 ? / 像素体 -）,?,?,待复核,0,24,42.0,,空,0,0.0
286.0,,待复核,pixel,0.0,两套字体都不完整（常规体 - / 像素体 ?4）,?4,,空,0,,0.0,?4,待复核,2,72.0
287.0,,空,none,0.0,两套字体都没切出字形（HUD 不可见）,,,空,0,120,0.0,,空,0,0.0
288.0,0,ok,pixel,0.819,只有像素体给出完整读数,,,空,0,,0.0,0,ok,1,44.0
289.0,,空,none,0.0,两套字体都没切出字形（HUD 不可见）,,,空,0,24,0.0,,空,0,0.0
290.0,,空,none,0.0,两套字体都没切出字形（HUD 不可见）,,,空,0,,0.0,,空,0,0.0
291.0,,空,none,0.0,两套字体都没切出字形（HUD 不可见）,,,空,0,24,0.0,,空,0,0.0
292.0,,空,none,0.0,两套字体都没切出字形（HUD 不可见）,,,空,0,,0.0,,空,0,0.0
293.0,,空,none,0.0,两套字体都没切出字形（HUD 不可见）,,,空,0,,0.0,,空,0,0.0
294.0,,待复核,default,0.0,两套字体都不完整（常规体 ?????40411 / 像素体 -）,?????40411,?????40411,待复核,5,24,93.0,,空,0,0.0
295.0,,空,none,0.0,两套字体都没切出字形（HUD 不可见）,,,空,0,,0.0,,空,0,0.0
296.0,,空,none,0.0,两套字体都没切出字形（HUD 不可见）,,,空,0,120,0.0,,空,0,0.0
297.0,642547,ok,default,1.0,只有常规体给出完整读数,,642547,ok,6,24,93.0,,空,0,0.0
298.0,,空,none,0.0,两套字体都没切出字形（HUD 不可见）,,,空,0,,0.0,,空,0,0.0
299.0,,空,none,0.0,两套字体都没切出字形（HUD 不可见）,,,空,0,,0.0,,空,0,0.0
300.0,1371940,ok,default,0.999,只有常规体给出完整读数,,1371940,ok,7,24,76.0,,空,0,0.0
301.0,,待复核,default,0.0,两套字体都不完整（常规体 ???09693 / 像素体 -）,???09693,???09693,待复核,5,24,94.5,,空,0,0.0
302.0,,空,none,0.0,两套字体都没切出字形（HUD 不可见）,,,空,0,,0.0,,空,0,0.0
303.0,,空,none,0.0,两套字体都没切出字形（HUD 不可见）,,,空,0,,0.0,,空,0,0.0
304.0,,空,none,0.0,两套字体都没切出字形（HUD 不可见）,,,空,0,120,0.0,,空,0,0.0
305.0,,空,none,0.0,两套字体都没切出字形（HUD 不可见）,,,空,0,,0.0,,空,0,0.0
306.0,,空,none,0.0,两套字体都没切出字形（HUD 不可见）,,,空,0,,0.0,,空,0,0.0
307.0,4,ok,default,0.848,只有常规体给出完整读数,,4,ok,1,24,40.0,,空,0,0.0
308.0,,空,none,0.0,两套字体都没切出字形（HUD 不可见）,,,空,0,24,0.0,,空,0,0.0
309.0,,空,none,0.0,两套字体都没切出字形（HUD 不可见）,,,空,0,120,0.0,,空,0,0.0
310.0,,空,none,0.0,两套字体都没切出字形（HUD 不可见）,,,空,0,,0.0,,空,0,0.0
311.0,,空,none,0.0,两套字体都没切出字形（HUD 不可见）,,,空,0,,0.0,,空,0,0.0
312.0,,空,none,0.0,两套字体都没切出字形（HUD 不可见）,,,空,0,43,0.0,,空,0,0.0
313.0,657385,ok,default,1.0,只有常规体给出完整读数,,657385,ok,6,24,93.0,,空,0,0.0
314.0,,空,none,0.0,两套字体都没切出字形（HUD 不可见）,,,空,0,24,0.0,,空,0,0.0
315.0,,待复核,conflict,0.0,两套字体给出不同数（常规体 944894 / 像素体 17）——不猜,,944894,ok,6,24,62.0,17,ok,2,49.0
316.0,,待复核,conflict,0.0,两套字体给出不同数（常规体 624987 / 像素体 7）——不猜,,624987,ok,6,24,62.5,7,ok,1,47.0
317.0,1729375,ok,default,1.0,只有常规体给出完整读数,,1729375,ok,7,24,93.0,,空,0,0.0
318.0,,空,none,0.0,两套字体都没切出字形（HUD 不可见）,,,空,0,,0.0,,空,0,0.0
319.0,,空,none,0.0,两套字体都没切出字形（HUD 不可见）,,,空,0,,0.0,,空,0,0.0
320.0,,空,none,0.0,两套字体都没切出字形（HUD 不可见）,,,空,0,,0.0,,空,0,0.0
321.0,,空,none,0.0,两套字体都没切出字形（HUD 不可见）,,,空,0,,0.0,,空,0,0.0
322.0,,空,none,0.0,两套字体都没切出字形（HUD 不可见）,,,空,0,,0.0,,空,0,0.0
323.0,,空,none,0.0,两套字体都没切出字形（HUD 不可见）,,,空,0,,0.0,,空,0,0.0
324.0,,空,none,0.0,两套字体都没切出字形（HUD 不可见）,,,空,0,,0.0,,空,0,0.0
325.0,,空,none,0.0,两套字体都没切出字形（HUD 不可见）,,,空,0,,0.0,,空,0,0.0
326.0,,待复核,pixel,0.0,两套字体都不完整（常规体 - / 像素体 8898??8）,8898??8,,空,0,,0.0,8898??8,待复核,5,74.5
327.0,,空,none,0.0,两套字体都没切出字形（HUD 不可见）,,,空,0,,0.0,,空,0,0.0
328.0,91037812,ok,default,0.671,只有常规体给出完整读数,,91037812,ok,8,24,61.5,,空,0,0.0
329.0,536660,ok,default,1.0,只有常规体给出完整读数,,536660,ok,6,24,66.0,,空,0,0.0
330.0,536660,ok,default,1.0,只有常规体给出完整读数,,536660,ok,6,24,93.5,,空,0,0.0
331.0,,空,none,0.0,两套字体都没切出字形（HUD 不可见）,,,空,0,24,0.0,,空,0,0.0
332.0,536660,ok,default,1.0,只有常规体给出完整读数,,536660,ok,6,24,61.5,,空,0,0.0
333.0,,空,none,0.0,两套字体都没切出字形（HUD 不可见）,,,空,0,120,0.0,,空,0,0.0
334.0,,空,none,0.0,两套字体都没切出字形（HUD 不可见）,,,空,0,,0.0,,空,0,0.0
335.0,,空,none,0.0,两套字体都没切出字形（HUD 不可见）,,,空,0,,0.0,,空,0,0.0
336.0,,空,none,0.0,两套字体都没切出字形（HUD 不可见）,,,空,0,,0.0,,空,0,0.0
337.0,,空,none,0.0,两套字体都没切出字形（HUD 不可见）,,,空,0,120,0.0,,空,0,0.0
338.0,,空,none,0.0,两套字体都没切出字形（HUD 不可见）,,,空,0,,0.0,,空,0,0.0
339.0,,空,none,0.0,两套字体都没切出字形（HUD 不可见）,,,空,0,,0.0,,空,0,0.0
340.0,,空,none,0.0,两套字体都没切出字形（HUD 不可见）,,,空,1,24,14.0,,空,0,0.0
341.0,,空,none,0.0,两套字体都没切出字形（HUD 不可见）,,,空,0,,0.0,,空,0,0.0
342.0,,空,none,0.0,两套字体都没切出字形（HUD 不可见）,,,空,0,,0.0,,空,0,0.0
343.0,,空,none,0.0,两套字体都没切出字形（HUD 不可见）,,,空,0,,0.0,,空,0,0.0
344.0,,空,none,0.0,两套字体都没切出字形（HUD 不可见）,,,空,0,,0.0,,空,0,0.0
345.0,,空,none,0.0,两套字体都没切出字形（HUD 不可见）,,,空,0,,0.0,,空,0,0.0
346.0,,空,none,0.0,两套字体都没切出字形（HUD 不可见）,,,空,0,,0.0,,空,0,0.0
347.0,,空,none,0.0,两套字体都没切出字形（HUD 不可见）,,,空,0,,0.0,,空,0,0.0
348.0,,空,none,0.0,两套字体都没切出字形（HUD 不可见）,,,空,0,,0.0,,空,0,0.0
349.0,,空,none,0.0,两套字体都没切出字形（HUD 不可见）,,,空,0,,0.0,,空,0,0.0
350.0,,空,none,0.0,两套字体都没切出字形（HUD 不可见）,,,空,0,,0.0,,空,0,0.0
351.0,,空,none,0.0,两套字体都没切出字形（HUD 不可见）,,,空,0,,0.0,,空,0,0.0
352.0,,空,none,0.0,两套字体都没切出字形（HUD 不可见）,,,空,0,,0.0,,空,0,0.0
353.0,,空,none,0.0,两套字体都没切出字形（HUD 不可见）,,,空,0,,0.0,,空,0,0.0
354.0,,空,none,0.0,两套字体都没切出字形（HUD 不可见）,,,空,0,,0.0,,空,0,0.0
355.0,,空,none,0.0,两套字体都没切出字形（HUD 不可见）,,,空,0,,0.0,,空,0,0.0
356.0,,空,none,0.0,两套字体都没切出字形（HUD 不可见）,,,空,0,,0.0,,空,0,0.0
357.0,,空,none,0.0,两套字体都没切出字形（HUD 不可见）,,,空,0,,0.0,,空,0,0.0
358.0,,空,none,0.0,两套字体都没切出字形（HUD 不可见）,,,空,0,,0.0,,空,0,0.0
359.0,,空,none,0.0,两套字体都没切出字形（HUD 不可见）,,,空,0,,0.0,,空,0,0.0
360.0,,空,none,0.0,两套字体都没切出字形（HUD 不可见）,,,空,0,,0.0,,空,0,0.0
361.0,,空,none,0.0,两套字体都没切出字形（HUD 不可见）,,,空,0,,0.0,,空,0,0.0
362.0,,空,none,0.0,两套字体都没切出字形（HUD 不可见）,,,空,0,,0.0,,空,0,0.0
363.0,,空,none,0.0,两套字体都没切出字形（HUD 不可见）,,,空,0,,0.0,,空,0,0.0
364.0,,空,none,0.0,两套字体都没切出字形（HUD 不可见）,,,空,0,,0.0,,空,0,0.0
365.0,,空,none,0.0,两套字体都没切出字形（HUD 不可见）,,,空,0,,0.0,,空,0,0.0
366.0,,空,none,0.0,两套字体都没切出字形（HUD 不可见）,,,空,0,,0.0,,空,0,0.0
367.0,,空,none,0.0,两套字体都没切出字形（HUD 不可见）,,,空,0,,0.0,,空,0,0.0
368.0,,空,none,0.0,两套字体都没切出字形（HUD 不可见）,,,空,0,,0.0,,空,0,0.0
369.0,,空,none,0.0,两套字体都没切出字形（HUD 不可见）,,,空,0,,0.0,,空,0,0.0
370.0,,空,none,0.0,两套字体都没切出字形（HUD 不可见）,,,空,0,,0.0,,空,0,0.0
371.0,,空,none,0.0,两套字体都没切出字形（HUD 不可见）,,,空,0,,0.0,,空,0,0.0
372.0,,空,none,0.0,两套字体都没切出字形（HUD 不可见）,,,空,0,,0.0,,空,0,0.0
373.0,,空,none,0.0,两套字体都没切出字形（HUD 不可见）,,,空,0,,0.0,,空,0,0.0
374.0,,空,none,0.0,两套字体都没切出字形（HUD 不可见）,,,空,0,,0.0,,空,0,0.0
375.0,,空,none,0.0,两套字体都没切出字形（HUD 不可见）,,,空,0,,0.0,,空,0,0.0
376.0,,空,none,0.0,两套字体都没切出字形（HUD 不可见）,,,空,0,,0.0,,空,0,0.0
377.0,,空,none,0.0,两套字体都没切出字形（HUD 不可见）,,,空,0,,0.0,,空,0,0.0
378.0,,空,none,0.0,两套字体都没切出字形（HUD 不可见）,,,空,0,,0.0,,空,0,0.0
379.0,,空,none,0.0,两套字体都没切出字形（HUD 不可见）,,,空,0,,0.0,,空,0,0.0
380.0,,空,none,0.0,两套字体都没切出字形（HUD 不可见）,,,空,0,,0.0,,空,0,0.0
