idx,t0,t1,n,peak,t,actor_t,kind,mark,base,text,why
1,12.0,12.0,1,45002,12.0,12.0,none,无归属,无,,因果窗口内没有可归属的卡（t=12：空）
2,29.0,30.0,2,286055,29.0,29.0,aha,认脸,无,银狼LV.999,阿哈时刻 t=29 框里是 银狼LV.999·普通（认脸(票0.88)）
3,35.0,35.0,1,100291,35.0,35.0,attack,估算(区间),单位卡,银狼：36%~87% ｜ 附伤：爻光 13%~64%,行动者=顶轴 t=35（因果窗口内最近）｜ 主C 技能候选：终结技「|账号已封禁|」「4.56」、终结技「|账号已封禁|」「4.56」、战技「是否允许更改？」「2.45」、战技「是否允许更改？」「2.45」 ｜ 附伤占比是**区间**（不知道这一下用的什么技能；跨乘区还要按 BOX_UNIT 扫）
4,45.0,51.0,7,7816869,51.0,51.0,none,无归属,无,,因果窗口内没有可归属的卡（t=51：空）
5,53.0,54.0,2,396277,54.0,54.0,attack,估算(区间),单位卡,银狼：36%~87% ｜ 附伤：爻光 13%~64%,行动者=顶轴 t=54（因果窗口内最近）｜ 主C 技能候选：终结技「|账号已封禁|」「4.56」、终结技「|账号已封禁|」「4.56」、战技「是否允许更改？」「2.45」、战技「是否允许更改？」「2.45」 ｜ 附伤占比是**区间**（不知道这一下用的什么技能；跨乘区还要按 BOX_UNIT 扫）
6,55.0,58.0,4,575571,57.0,56.0,attack,估算(区间),无,银狼：36%~87% ｜ 附伤：爻光 13%~64%,行动者=顶轴 t=56（因果窗口内最近）｜ 主C 技能候选：终结技「|账号已封禁|」「4.56」、终结技「|账号已封禁|」「4.56」、战技「是否允许更改？」「2.45」、战技「是否允许更改？」「2.45」 ｜ 附伤占比是**区间**（不知道这一下用的什么技能；跨乘区还要按 BOX_UNIT 扫）
7,70.0,70.0,1,348404,70.0,70.0,aha,认脸,无,火花,阿哈时刻 t=70 框里是 火花（认脸(票1.00)）
8,73.0,73.0,1,186043,73.0,73.0,aha,认脸,无,银狼LV.999,阿哈时刻 t=73 框里是 银狼LV.999·强化（用户标注）
9,85.0,85.0,1,392061,85.0,85.0,attack,估算(区间),单位卡,火花：36%~96% ｜ 附伤：爻光 4%~64%,行动者=顶轴 t=85（因果窗口内最近）｜ 主C 技能候选：欢愉技「信号溢出：好戏返场！」「6.875」、普攻「百花齐放，胜者独享！」「2.1」、普攻「哑火了吗」「1.4」 ｜ 附伤占比是**区间**（不知道这一下用的什么技能；跨乘区还要按 BOX_UNIT 扫）
10,87.0,87.0,1,144403,87.0,86.0,blindbox,精确,无,银狼LV.999,顶轴 t=86 是【头号补给盲盒】的卡 → 整段归银狼LV.999
11,89.0,90.0,2,122621,89.0,89.0,blindbox,精确,无,银狼LV.999,顶轴 t=89 是【头号补给盲盒】的卡 → 整段归银狼LV.999
12,94.0,101.0,8,622349,101.0,101.0,none,无归属,无,,因果窗口内没有可归属的卡（t=101：空）
13,116.0,116.0,1,117293,116.0,116.0,aha,认脸,无,银狼LV.999,阿哈时刻 t=116 框里是 银狼LV.999·普通（用户标注）
14,124.0,124.0,1,8858,124.0,124.0,attack,估算(区间),单位卡,银狼：36%~87% ｜ 附伤：爻光 13%~64%,行动者=顶轴 t=124（因果窗口内最近）｜ 主C 技能候选：终结技「|账号已封禁|」「4.56」、终结技「|账号已封禁|」「4.56」、战技「是否允许更改？」「2.45」、战技「是否允许更改？」「2.45」 ｜ 附伤占比是**区间**（不知道这一下用的什么技能；跨乘区还要按 BOX_UNIT 扫）
15,129.0,132.0,4,701639,132.0,132.0,attack,估算(区间),单位卡,银狼：36%~87% ｜ 附伤：爻光 13%~64%,行动者=顶轴 t=132（因果窗口内最近）｜ 主C 技能候选：终结技「|账号已封禁|」「4.56」、终结技「|账号已封禁|」「4.56」、战技「是否允许更改？」「2.45」、战技「是否允许更改？」「2.45」 ｜ 附伤占比是**区间**（不知道这一下用的什么技能；跨乘区还要按 BOX_UNIT 扫）
16,139.0,141.0,3,138999,141.0,141.0,attack,估算(区间),单位卡,银狼：36%~87% ｜ 附伤：爻光 13%~64%,行动者=顶轴 t=141（因果窗口内最近）｜ 主C 技能候选：终结技「|账号已封禁|」「4.56」、终结技「|账号已封禁|」「4.56」、战技「是否允许更改？」「2.45」、战技「是否允许更改？」「2.45」 ｜ 附伤占比是**区间**（不知道这一下用的什么技能；跨乘区还要按 BOX_UNIT 扫）
17,142.0,145.0,4,317595,144.0,143.0,attack,估算(区间),无,银狼：36%~87% ｜ 附伤：爻光 13%~64%,行动者=顶轴 t=143（因果窗口内最近）｜ 主C 技能候选：终结技「|账号已封禁|」「4.56」、终结技「|账号已封禁|」「4.56」、战技「是否允许更改？」「2.45」、战技「是否允许更改？」「2.45」 ｜ 附伤占比是**区间**（不知道这一下用的什么技能；跨乘区还要按 BOX_UNIT 扫）
18,156.0,156.0,1,69387,156.0,155.0,attack,估算(区间),无,真珠：34%~75% ｜ 附伤：爻光 25%~66%,行动者=顶轴 t=155（因果窗口内最近）｜ 主C 技能候选：普攻「行笔，幻造星月」「1.6」、普攻「行笔，绘制末浪」「1.4」、普攻「行笔，临摹断水」「1.26」、终结技「鉴映灵魂的底色」「0.75」 ｜ 附伤占比是**区间**（不知道这一下用的什么技能；跨乘区还要按 BOX_UNIT 扫）
19,165.0,166.0,2,552256,165.0,165.0,aha,认脸,无,爻光,阿哈时刻 t=165 框里是 爻光（认脸(票0.93)）
20,168.0,168.0,1,679500,168.0,168.0,aha,认脸,无,火花,阿哈时刻 t=168 框里是 火花（用户标注）
21,169.0,170.0,2,230552,169.0,169.0,aha,认脸,无,银狼LV.999,阿哈时刻 t=169 框里是 银狼LV.999·强化（用户标注）
22,184.0,184.0,1,593044,184.0,184.0,aha,认脸,无,火花,阿哈时刻 t=184 框里是 火花（用户标注）
23,187.0,188.0,2,1277417,188.0,188.0,aha,认脸,无,银狼LV.999,阿哈时刻 t=188 框里是 银狼LV.999·强化（用户标注）
24,198.0,203.0,6,3003584,202.0,201.0,attack,估算(区间),无,银狼：36%~87% ｜ 附伤：爻光 13%~64%,行动者=顶轴 t=201（因果窗口内最近）｜ 主C 技能候选：终结技「|账号已封禁|」「4.56」、终结技「|账号已封禁|」「4.56」、战技「是否允许更改？」「2.45」、战技「是否允许更改？」「2.45」 ｜ 附伤占比是**区间**（不知道这一下用的什么技能；跨乘区还要按 BOX_UNIT 扫）
25,209.0,209.0,1,375410,209.0,209.0,none,无归属,无,,因果窗口内没有可归属的卡（t=209：空）
26,224.0,224.0,1,352672,224.0,224.0,aha,认脸,无,火花,阿哈时刻 t=224 框里是 火花（用户标注）
27,226.0,227.0,2,870125,227.0,227.0,aha,认脸,无,银狼LV.999,阿哈时刻 t=227 框里是 银狼LV.999·普通（认脸(票1.00)）
28,237.0,240.0,4,524134,240.0,240.0,attack,估算(区间),单位卡,银狼：36%~87% ｜ 附伤：爻光 13%~64%,行动者=顶轴 t=240（因果窗口内最近）｜ 主C 技能候选：终结技「|账号已封禁|」「4.56」、终结技「|账号已封禁|」「4.56」、战技「是否允许更改？」「2.45」、战技「是否允许更改？」「2.45」 ｜ 附伤占比是**区间**（不知道这一下用的什么技能；跨乘区还要按 BOX_UNIT 扫）
29,242.0,242.0,1,787374,242.0,241.0,attack,估算(区间),无,银狼：36%~87% ｜ 附伤：爻光 13%~64%,行动者=顶轴 t=241（因果窗口内最近）｜ 主C 技能候选：终结技「|账号已封禁|」「4.56」、终结技「|账号已封禁|」「4.56」、战技「是否允许更改？」「2.45」、战技「是否允许更改？」「2.45」 ｜ 附伤占比是**区间**（不知道这一下用的什么技能；跨乘区还要按 BOX_UNIT 扫）
30,255.0,256.0,2,200557,255.0,254.0,attack,估算(区间),无,火花：36%~96% ｜ 附伤：爻光 4%~64%,行动者=顶轴 t=254（因果窗口内最近）｜ 主C 技能候选：欢愉技「信号溢出：好戏返场！」「6.875」、普攻「百花齐放，胜者独享！」「2.1」、普攻「哑火了吗」「1.4」 ｜ 附伤占比是**区间**（不知道这一下用的什么技能；跨乘区还要按 BOX_UNIT 扫）
31,258.0,258.0,1,186555,258.0,257.0,blindbox,精确,无,银狼LV.999,顶轴 t=257 是【头号补给盲盒】的卡 → 整段归银狼LV.999
32,260.0,260.0,1,4717171717,260.0,260.0,none,无归属,无,,因果窗口内没有可归属的卡（t=260：空）
33,262.0,263.0,2,4752,263.0,262.0,attack,无法估算,无,（无外源附伤）,行动者=顶轴 t=262（因果窗口内最近）｜ 没有可用倍率
34,269.0,269.0,1,143483,269.0,269.0,attack,估算(区间),单位卡,银狼：36%~87% ｜ 附伤：爻光 13%~64%,行动者=顶轴 t=269（因果窗口内最近）｜ 主C 技能候选：终结技「|账号已封禁|」「4.56」、终结技「|账号已封禁|」「4.56」、战技「是否允许更改？」「2.45」、战技「是否允许更改？」「2.45」 ｜ 附伤占比是**区间**（不知道这一下用的什么技能；跨乘区还要按 BOX_UNIT 扫）
35,271.0,274.0,4,1022456,273.0,273.0,attack,估算(区间),单位卡,银狼：36%~87% ｜ 附伤：爻光 13%~64%,行动者=顶轴 t=273（因果窗口内最近）｜ 主C 技能候选：终结技「|账号已封禁|」「4.56」、终结技「|账号已封禁|」「4.56」、战技「是否允许更改？」「2.45」、战技「是否允许更改？」「2.45」 ｜ 附伤占比是**区间**（不知道这一下用的什么技能；跨乘区还要按 BOX_UNIT 扫）
36,275.0,275.0,1,259167,275.0,275.0,attack,估算(区间),单位卡,银狼：36%~87% ｜ 附伤：爻光 13%~64%,行动者=顶轴 t=275（因果窗口内最近）｜ 主C 技能候选：终结技「|账号已封禁|」「4.56」、终结技「|账号已封禁|」「4.56」、战技「是否允许更改？」「2.45」、战技「是否允许更改？」「2.45」 ｜ 附伤占比是**区间**（不知道这一下用的什么技能；跨乘区还要按 BOX_UNIT 扫）
37,277.0,277.0,1,95688,277.0,277.0,attack,估算(区间),单位卡,真珠：34%~75% ｜ 附伤：爻光 25%~66%,行动者=顶轴 t=277（因果窗口内最近）｜ 主C 技能候选：普攻「行笔，幻造星月」「1.6」、普攻「行笔，绘制末浪」「1.4」、普攻「行笔，临摹断水」「1.26」、终结技「鉴映灵魂的底色」「0.75」 ｜ 附伤占比是**区间**（不知道这一下用的什么技能；跨乘区还要按 BOX_UNIT 扫）
38,278.0,278.0,1,956,278.0,277.0,attack,估算(区间),无,真珠：34%~75% ｜ 附伤：爻光 25%~66%,行动者=顶轴 t=277（因果窗口内最近）｜ 主C 技能候选：普攻「行笔，幻造星月」「1.6」、普攻「行笔，绘制末浪」「1.4」、普攻「行笔，临摹断水」「1.26」、终结技「鉴映灵魂的底色」「0.75」 ｜ 附伤占比是**区间**（不知道这一下用的什么技能；跨乘区还要按 BOX_UNIT 扫）
39,297.0,297.0,1,642547,297.0,296.0,aha,认脸,无,火花,阿哈时刻 t=297 框里是 火花（认脸(票1.00)）
40,300.0,300.0,1,1371940,300.0,300.0,aha,认脸,无,银狼LV.999,阿哈时刻 t=300 框里是 银狼LV.999·强化（用户标注）
41,313.0,313.0,1,657385,313.0,313.0,aha,认脸,无,火花,阿哈时刻 t=313 框里是 火花（用户标注）
42,317.0,317.0,1,1729375,317.0,317.0,aha,认脸,无,银狼LV.999,阿哈时刻 t=317 框里是 银狼LV.999·强化（认脸(票1.00)）
43,328.0,328.0,1,91037812,328.0,328.0,attack,估算(区间),单位卡,火花：36%~96% ｜ 附伤：爻光 4%~64%,行动者=顶轴 t=328（因果窗口内最近）｜ 主C 技能候选：欢愉技「信号溢出：好戏返场！」「6.875」、普攻「百花齐放，胜者独享！」「2.1」、普攻「哑火了吗」「1.4」 ｜ 附伤占比是**区间**（不知道这一下用的什么技能；跨乘区还要按 BOX_UNIT 扫）
44,329.0,330.0,2,536660,329.0,329.0,blindbox,精确,无,银狼LV.999,顶轴 t=329 是【头号补给盲盒】的卡 → 整段归银狼LV.999
45,332.0,332.0,1,536660,332.0,332.0,blindbox,精确,无,银狼LV.999,顶轴 t=332 是【头号补给盲盒】的卡 → 整段归银狼LV.999
