t,hud_text,hud_n,hud_len,hud_lm,hud_minconf,hud_nbad,hud_profile,unit,owner,score,margin,marker,inserted,card_type
98.0,,0,0,-1,0.0,0,default,,,0.688,0.016,?_dot,0,unit
98.2,,0,0,-1,0.0,0,default,,,0.686,0.004,?_dot,0,unit
98.4,,0,0,-1,0.0,0,default,,,0.588,0.17,empty,,empty
98.6,16009,5,5,2696,0.988,0,default,长夜月,长夜月,1.217,0.602,?_dot,0,unit
98.8,32018,5,5,2674,0.997,0,default,死龙,遐蝶,1.863,1.098,ally_dot,0,unit
99.0,48028,5,5,2583,1.0,0,default,死龙,遐蝶,1.859,1.088,ally_dot,0,unit
99.2,53364,5,5,2567,1.0,0,default,死龙,遐蝶,1.857,1.092,ally_dot,0,unit
99.4,00773,5,5,2592,0.825,0,default,,,0.878,0.089,ally_dot,0,unit
99.6,87391,5,5,2660,1.0,0,default,死龙,遐蝶,1.809,1.061,ally_dot,0,unit
99.8,07808,5,5,2560,0.999,0,default,死龙,遐蝶,1.829,1.063,ally_dot,0,unit
100.0,121418,6,6,2636,1.0,0,default,死龙,遐蝶,1.9,1.155,ally_dot,0,unit
100.2,3?0386,6,6,2546,0.422,1,default,,,0.773,0.091,ally_dot,0,unit
100.4,148321,6,6,2595,1.0,0,default,死龙,遐蝶,1.861,1.119,ally_dot,0,unit
100.6,175223,6,6,2639,1.0,0,default,死龙,遐蝶,1.866,1.058,ally_dot,0,unit
100.8,193158,6,6,2621,0.998,0,default,死龙,遐蝶,1.87,1.057,ally_dot,0,unit
101.0,202126,6,6,2588,0.999,0,default,死龙,遐蝶,1.9,1.086,ally_dot,0,unit
101.2,220764,6,6,2607,0.786,0,default,死龙,遐蝶,1.257,0.614,ally_dot,0,unit
101.4,240107,6,6,2563,0.999,0,default,死龙,遐蝶,1.822,1.061,ally_dot,0,unit
101.6,259449,6,6,2640,1.0,0,default,死龙,遐蝶,1.872,1.076,ally_dot,0,unit
101.8,5492,4,4,2412,1.0,0,default,死龙,遐蝶,1.87,1.079,ally_dot,0,unit
102.0,4505,4,4,2594,1.0,0,default,死龙,遐蝶,1.9,1.101,ally_dot,0,unit
102.2,304505,6,6,2597,1.0,0,default,死龙,遐蝶,1.842,1.088,ally_dot,0,unit
102.4,304505,6,6,2637,1.0,0,default,死龙,遐蝶,1.878,1.128,ally_dot,0,unit
102.6,304505,6,6,2595,1.0,0,default,死龙,遐蝶,1.875,1.098,ally_dot,0,unit
102.8,304505,6,6,2553,1.0,0,default,,,0.817,0.244,enemy_star,1,enemy
103.0,304505,6,6,2524,1.0,0,default,,,0.603,0.227,enemy_dot,0,enemy
103.2,304505,6,6,2637,1.0,0,default,,,0.654,0.127,?_dot,0,unit
103.4,304505,6,6,2518,1.0,0,default,,,0.596,0.075,empty,,empty
103.6,304505,6,6,2535,1.0,0,default,,,0.508,0.094,empty,,empty
103.8,304505,6,6,2616,1.0,0,default,,,0.566,0.023,?_star,0,unit
104.0,304505,6,6,2474,1.0,0,default,,,0.573,0.013,empty,,empty
104.2,304505,6,6,2637,1.0,0,default,,,0.673,0.01,?_dot,0,unit
104.4,304505,6,6,2610,1.0,0,default,,,0.853,0.085,empty,,empty
104.6,304505,6,6,2543,1.0,0,default,,,0.701,0.082,empty,,empty
104.8,304505,6,6,2637,1.0,0,default,,,0.829,0.356,empty,,empty
105.0,662096,6,6,2619,1.0,0,default,,,0.694,0.057,empty,,empty
105.2,2096,4,4,2399,1.0,0,default,,,0.687,0.002,?_dot,0,unit
105.4,,0,0,-1,0.0,0,default,,,0.0,0.0,?_dot,0,unit
105.6,09,2,2,2384,1.0,0,default,,,0.0,0.0,?_dot,0,unit
105.8,2809,4,4,2580,1.0,0,default,,,0.288,0.06,enemy_dot,0,enemy
106.0,2809,4,4,2569,1.0,0,default,,,0.735,0.021,?_star,0,unit
106.2,2809,4,4,2373,1.0,0,default,,,0.745,0.014,empty,,empty
106.4,809,3,3,2397,0.935,0,default,,,0.764,0.041,enemy_dot,0,enemy
106.6,809,3,3,2379,0.999,0,default,,,0.799,0.063,enemy_dot,0,enemy
106.8,2809,4,4,2392,1.0,0,default,,,0.801,0.062,enemy_dot,0,enemy
107.0,2809,4,4,2429,0.936,0,default,,,0.798,0.057,enemy_dot,0,enemy
107.2,2809,4,4,2537,1.0,0,default,,,0.351,0.047,?_dot,0,unit
107.4,2809,4,4,2546,1.0,0,default,爻光,爻光,1.134,0.508,ally_dot,0,unit
107.6,,0,0,-1,0.0,0,default,遐蝶,遐蝶,1.698,0.694,ally_dot,0,unit
107.8,,0,0,-1,0.0,0,default,遐蝶,遐蝶,1.768,0.697,ally_dot,0,unit
108.0,,0,0,-1,0.0,0,default,,,1.002,0.197,ally_dot,0,unit
108.2,,0,0,-1,0.0,0,default,遐蝶,遐蝶,1.69,0.679,ally_dot,0,unit
108.4,,0,0,-1,0.0,0,default,遐蝶,遐蝶,1.712,0.727,ally_dot,0,unit
108.6,076,3,3,2624,1.0,0,default,遐蝶,遐蝶,1.517,0.577,ally_dot,0,unit
108.8,48076,5,5,2620,1.0,0,default,遐蝶,遐蝶,1.696,0.613,ally_dot,0,unit
109.0,48076,5,5,2564,1.0,0,default,遐蝶,遐蝶,1.9,0.896,ally_dot,0,unit
109.2,48076,5,5,2475,1.0,0,default,,,0.418,0.0,ally_dot,0,unit
109.4,48076,5,5,2356,1.0,0,default,风堇,风堇,1.755,0.904,ally_dot,0,unit
109.6,48076,5,5,2365,1.0,0,default,风堇,风堇,1.844,1.063,ally_dot,0,unit
109.8,76?,3,3,2375,0.997,1,default,风堇,风堇,1.845,1.061,ally_dot,0,unit
110.0,,0,0,-1,0.0,0,default,风堇,风堇,1.9,1.153,ally_dot,0,unit
110.2,,0,0,-1,0.0,0,default,风堇,风堇,1.82,1.016,ally_dot,0,unit
110.4,,0,0,-1,0.0,0,default,风堇,风堇,1.823,0.997,ally_dot,0,unit
110.6,,0,0,-1,0.0,0,default,风堇,风堇,1.801,0.879,ally_dot,0,unit
110.8,,0,0,-1,0.0,0,default,风堇,风堇,1.81,0.88,ally_dot,0,unit
111.0,,0,0,-1,0.0,0,default,,,0.479,0.079,empty,,empty
111.2,,0,0,-1,0.0,0,default,,,0.926,0.025,ally_star,1,unit
111.4,,0,0,-1,0.0,0,default,小伊卡,风堇,1.765,1.215,?_star,0,unit
111.6,,0,0,-1,0.0,0,default,小伊卡,风堇,1.324,0.707,?_star,0,unit
111.8,,0,0,-1,0.0,0,default,小伊卡,风堇,1.856,0.899,ally_star,1,unit
112.0,,0,0,-1,0.0,0,default,小伊卡,风堇,1.871,0.933,ally_star,1,unit
112.1,,0,0,-1,0.0,0,default,小伊卡,风堇,1.885,0.894,ally_star,1,unit
112.2,,0,0,-1,0.0,0,default,小伊卡,风堇,1.872,0.884,ally_star,1,unit
112.3,107023,6,6,2544,0.999,0,default,小伊卡,风堇,1.88,0.917,ally_star,1,unit
112.4,107023,6,6,2511,0.999,0,default,小伊卡,风堇,1.887,0.887,ally_star,1,unit
112.6,107023,6,6,2462,0.999,0,default,小伊卡,风堇,1.888,0.901,ally_star,1,unit
112.8,107023,6,6,2444,1.0,0,default,小伊卡,风堇,1.885,0.887,ally_star,1,unit
113.0,?1070?,6,6,2427,0.871,2,default,,,0.386,0.121,ally_dot,0,unit
114.0,,0,0,-1,0.0,0,default,,,0.81,0.007,enemy_dot,0,enemy
115.0,,0,0,-1,0.0,0,default,,,0.831,0.04,enemy_dot,0,enemy
116.0,,0,0,-1,0.0,0,default,昔涟,昔涟,1.9,0.863,ally_dot,0,unit
117.0,,0,0,-1,0.0,0,default,昔涟,昔涟,1.9,0.859,ally_dot,0,unit
118.0,,0,0,-1,0.0,0,default,,,0.686,0.066,empty,,empty
119.0,,0,0,-1,0.0,0,default,,,0.687,0.114,empty,,empty
120.0,,0,0,-1,0.0,0,default,,,0.5,0.11,empty,,empty
121.0,,0,0,-1,0.0,0,default,,,0.576,0.03,empty,,empty
122.0,,0,0,-1,0.0,0,default,,,0.178,0.002,?_star,0,unit
123.0,,0,0,-1,0.0,0,default,,,0.849,0.089,empty,,empty
124.0,,0,0,-1,0.0,0,default,,,0.501,0.001,empty,,empty
125.0,,0,0,-1,0.0,0,default,,,0.782,0.075,empty,,empty
126.0,,0,0,-1,0.0,0,default,,,0.282,0.001,empty,,empty
127.0,,0,0,-1,0.0,0,default,,,0.691,0.028,ally_star,1,unit
128.0,,0,0,-1,0.0,0,default,,,0.56,0.083,empty,,empty
129.0,,0,0,-1,0.0,0,default,昔涟,昔涟,1.9,0.789,ally_star,1,unit
130.0,,0,0,-1,0.0,0,default,,,0.802,0.027,empty,,empty
130.2,,0,0,-1,0.0,0,default,,,0.685,0.015,empty,,empty
130.4,,0,0,-1,0.0,0,default,,,0.559,0.012,empty,,empty
130.6,,0,0,-1,0.0,0,default,,,0.974,0.22,?_dot,0,unit
130.8,,0,0,-1,0.0,0,default,,,0.443,0.034,empty,,empty
131.0,,0,0,-1,0.0,0,default,,,0.836,0.136,ally_dot,0,unit
131.2,,0,0,-1,0.0,0,default,,,0.916,0.027,empty,,empty
131.4,,0,0,-1,0.0,0,default,,,0.7,0.113,empty,,empty
131.6,,0,0,-1,0.0,0,default,,,0.751,0.102,empty,,empty
131.8,,0,0,-1,0.0,0,default,,,0.696,0.079,empty,,empty
132.0,,0,0,-1,0.0,0,default,,,0.681,0.069,empty,,empty
132.2,,0,0,-1,0.0,0,default,,,0.533,0.019,empty,,empty
132.4,,0,0,-1,0.0,0,default,,,0.473,0.008,empty,,empty
132.6,,0,0,-1,0.0,0,default,,,0.76,0.029,empty,,empty
132.8,,0,0,-1,0.0,0,default,,,0.187,0.005,enemy_dot,0,enemy
133.0,,0,0,-1,0.0,0,default,,,0.538,0.064,ally_dot,0,unit
133.2,,0,0,-1,0.0,0,default,,,0.601,0.036,enemy_dot,0,enemy
133.4,,0,0,-1,0.0,0,default,,,0.409,0.087,empty,,empty
133.6,,0,0,-1,0.0,0,default,,,0.0,0.0,?_dot,0,unit
133.8,,0,0,-1,0.0,0,default,,,0.335,0.006,empty,,empty
134.0,47794,5,5,2581,1.0,0,default,,,0.456,0.003,enemy_dot,0,enemy
134.1,47794,5,5,2566,1.0,0,default,,,0.225,0.021,empty,,empty
134.2,47794,5,5,2558,1.0,0,default,,,0.248,0.062,ally_star,1,unit
134.3,494,3,3,2412,1.0,0,default,,,0.332,0.038,empty,,empty
134.4,47794,5,5,2551,1.0,0,default,,,0.293,0.096,ally_dot,0,unit
134.6,,0,0,-1,0.0,0,default,,,0.0,0.0,?_dot,0,unit
