t,unit,owner,marker,card_type,score,margin
0.0,,,?_star,unit,0.609,0.018
2.0,,,empty,empty,0.425,0.029
4.0,,,?_star,unit,0.498,0.041
6.0,,,gold_aha,aha,0.371,0.062
8.0,,,?_dot,unit,0.415,0.08
10.0,,,?_dot,unit,0.0,0.0
12.0,,,?_dot,unit,0.0,0.0
14.0,,,?_dot,unit,0.0,0.0
16.0,,,?_dot,unit,0.26,0.005
18.0,,,enemy_dot,enemy,0.711,0.162
20.0,,,ally_dot,unit,0.652,0.005
22.0,,,ally_diamond,elation,1.088,0.093
24.0,,,ally_diamond,elation,1.083,0.091
26.0,,,?_dot,unit,0.558,0.227
28.0,,,?_dot,unit,0.285,0.051
30.0,,,enemy_dot,enemy,0.548,0.02
32.0,,,?_dot,unit,0.777,0.02
34.0,,,enemy_dot,enemy,0.284,0.041
36.0,,,ally_dot,unit,1.509,0.284
38.0,,,ally_dot,unit,1.605,0.367
40.0,,,empty,empty,0.803,0.043
42.0,,,enemy_dot,enemy,0.494,0.088
44.0,拓星者,拓星者,ally_star,unit,1.884,1.203
46.0,,,?_dot,unit,0.732,0.027
48.0,,,empty,empty,0.771,0.179
50.0,,,enemy_dot,enemy,0.296,0.07
52.0,,,empty,empty,0.281,0.099
54.0,,,empty,empty,0.215,0.001
56.0,,,empty,empty,0.343,0.015
58.0,,,empty,empty,0.426,0.072
60.0,,,ally_diamond,elation,1.399,0.069
62.0,拓星者,拓星者,ally_star,unit,1.872,1.227
64.0,,,ally_star,unit,1.024,0.183
66.0,,,?_dot,unit,0.471,0.014
68.0,,,empty,empty,0.52,0.027
70.0,赛飞儿,赛飞儿,ally_diamond,elation,1.883,0.909
72.0,拓星者,拓星者,ally_star,unit,1.891,1.215
74.0,,,enemy_dot,enemy,0.364,0.037
76.0,,,enemy_dot,enemy,0.521,0.013
78.0,,,?_dot,unit,0.0,0.0
80.0,藿藿,藿藿,ally_star,unit,1.871,0.863
82.0,赛飞儿,赛飞儿,ally_diamond,elation,1.89,0.918
84.0,藿藿,藿藿,ally_dot,unit,1.574,0.592
86.0,拓星者,拓星者,ally_star,unit,1.891,1.214
88.0,拓星者,拓星者,ally_star,unit,1.882,1.174
90.0,,,?_dot,unit,0.475,0.02
92.0,,,empty,empty,0.918,0.23
94.0,,,empty,empty,0.251,0.034
96.0,,,?_star,unit,0.307,0.091
98.0,,,empty,empty,0.344,0.019
100.0,,,?_dot,unit,0.564,0.101
102.0,,,?_dot,unit,0.0,0.0
104.0,拓星者,拓星者,ally_star,unit,1.882,1.317
106.0,,,enemy_star,enemy,0.286,0.029
108.0,,,empty,empty,0.75,0.027
110.0,,,empty,empty,0.856,0.021
112.0,,,enemy_dot,enemy,0.736,0.081
114.0,,,enemy_dot,enemy,0.548,0.018
116.0,拓星者,拓星者,ally_star,unit,1.885,1.221
118.0,,,enemy_star,enemy,0.289,0.032
120.0,拓星者,拓星者,ally_star,unit,1.886,1.219
122.0,老杨,老杨,ally_star,unit,1.874,0.693
124.0,,,enemy_dot,enemy,0.847,0.011
126.0,,,enemy_dot,enemy,0.517,0.067
128.0,赛飞儿,赛飞儿,ally_diamond,elation,1.877,0.92
130.0,,,enemy_dot,enemy,0.401,0.118
132.0,,,enemy_dot,enemy,0.422,0.013
134.0,,,enemy_dot,enemy,0.262,0.03
136.0,,,enemy_dot,enemy,0.244,0.014
138.0,,,enemy_dot,enemy,0.396,0.138
140.0,,,ally_dot,unit,1.354,0.332
142.0,,,enemy_diamond,enemy,0.275,0.032
144.0,,,empty,empty,0.571,0.11
146.0,,,?_dot,unit,0.554,0.006
148.0,,,?_star,unit,0.698,0.095
150.0,,,empty,empty,0.409,0.155
152.0,,,empty,empty,0.446,0.073
154.0,,,empty,empty,0.411,0.017
156.0,,,empty,empty,0.282,0.044
158.0,,,empty,empty,0.367,0.007
160.0,,,?_star,unit,1.312,0.361
162.0,,,enemy_diamond,enemy,0.264,0.019
164.0,拓星者,拓星者,ally_dot,unit,1.74,1.15
166.0,,,ally_dot,unit,1.252,0.241
168.0,拓星者,拓星者,ally_star,unit,1.828,1.252
170.0,,,enemy_diamond,enemy,0.256,0.014
172.0,,,enemy_dot,enemy,0.533,0.001
174.0,,,?_dot,unit,0.375,0.049
176.0,,,ally_diamond,elation,1.43,0.241
178.0,,,ally_star,unit,0.553,0.068
180.0,拓星者,拓星者,ally_dot,unit,1.679,1.129
182.0,,,?_dot,unit,0.501,0.016
184.0,,,?_dot,unit,0.577,0.143
186.0,,,ally_diamond,elation,0.923,0.184
188.0,,,?_dot,unit,1.352,0.397
190.0,,,?_dot,unit,0.58,0.021
192.0,,,enemy_dot,enemy,0.237,0.064
194.0,,,empty,empty,0.24,0.048
196.0,,,empty,empty,0.347,0.136
198.0,,,enemy_diamond,enemy,0.593,0.036
200.0,,,empty,empty,0.683,0.028
202.0,,,?_dot,unit,0.216,0.016
204.0,,,enemy_diamond,enemy,0.261,0.018
206.0,拓星者,拓星者,ally_dot,unit,1.823,1.288
208.0,,,enemy_diamond,enemy,0.257,0.012
210.0,,,enemy_dot,enemy,0.544,0.02
212.0,拓星者,拓星者,ally_star,unit,1.641,1.073
214.0,,,enemy_diamond,enemy,0.261,0.014
216.0,,,ally_star,unit,1.426,0.428
218.0,拓星者,拓星者,ally_star,unit,1.868,1.242
220.0,,,enemy_diamond,enemy,0.305,0.043
222.0,,,empty,empty,0.605,0.04
224.0,,,?_star,unit,0.84,0.038
226.0,,,?_dot,unit,0.0,0.0
228.0,,,empty,empty,0.339,0.023
230.0,,,enemy_dot,enemy,0.337,0.061
232.0,,,empty,empty,0.251,0.004
234.0,,,empty,empty,0.719,0.0
236.0,,,empty,empty,0.394,0.01
238.0,拓星者,拓星者,ally_star,unit,1.845,1.266
240.0,赛飞儿,赛飞儿,ally_star,unit,1.703,0.799
242.0,拓星者,拓星者,ally_star,unit,1.862,1.21
244.0,拓星者,拓星者,ally_dot,unit,1.812,1.306
246.0,,,ally_dot,unit,1.095,0.117
248.0,,,enemy_dot,enemy,0.436,0.037
250.0,,,enemy_dot,enemy,0.393,0.028
252.0,,,enemy_dot,enemy,0.4,0.037
254.0,,,ally_dot,unit,1.367,0.322
256.0,,,?_diamond,unit,0.704,0.058
258.0,,,enemy_dot,enemy,0.769,0.024
260.0,,,enemy_diamond,enemy,0.222,0.027
262.0,,,?_star,unit,0.578,0.004
264.0,拓星者,拓星者,ally_star,unit,1.764,1.193
266.0,,,empty,empty,0.476,0.142
268.0,,,enemy_dot,enemy,0.446,0.044
270.0,,,empty,empty,0.423,0.153
272.0,,,?_dot,unit,0.0,0.0
274.0,,,empty,empty,0.616,0.014
276.0,赛飞儿,赛飞儿,ally_diamond,elation,1.889,0.916
278.0,,,empty,empty,0.402,0.031
280.0,,,enemy_dot,enemy,0.226,0.018
282.0,,,empty,empty,0.208,0.009
284.0,,,empty,empty,0.299,0.049
286.0,,,empty,empty,0.315,0.01
288.0,,,empty,empty,0.643,0.183
290.0,,,ally_diamond,elation,0.802,0.367
292.0,赛飞儿,赛飞儿,ally_diamond,elation,1.448,0.512
294.0,,,enemy_diamond,enemy,0.26,0.02
296.0,,,?_star,unit,0.623,0.002
298.0,拓星者,拓星者,ally_star,unit,1.802,1.235
300.0,,,?_diamond,unit,0.649,0.016
302.0,,,?_star,unit,0.33,0.1
304.0,赛飞儿,赛飞儿,ally_diamond,elation,1.826,0.899
306.0,,,ally_star,unit,1.02,0.183
308.0,拓星者,拓星者,ally_star,unit,1.159,0.638
310.0,拓星者,拓星者,ally_star,unit,1.885,1.208
312.0,,,?_dot,unit,0.724,0.118
314.0,,,empty,empty,0.834,0.04
316.0,,,empty,empty,0.622,0.036
318.0,,,enemy_dot,enemy,0.327,0.014
320.0,,,?_star,unit,0.542,0.061
322.0,,,empty,empty,0.286,0.082
324.0,,,empty,empty,0.538,0.064
326.0,,,ally_star,unit,1.242,0.184
328.0,,,ally_star,unit,1.219,0.183
330.0,,,ally_dot,unit,1.331,0.228
332.0,,,?_star,unit,0.561,0.214
334.0,,,empty,empty,0.458,0.078
336.0,拓星者,拓星者,ally_star,unit,1.89,1.215
338.0,,,empty,empty,0.718,0.088
340.0,,,?_dot,unit,0.281,0.039
342.0,,,enemy_dot,enemy,0.384,0.052
344.0,赛飞儿,赛飞儿,ally_dot,unit,1.512,0.531
346.0,拓星者,拓星者,ally_star,unit,1.89,1.217
348.0,,,enemy_dot,enemy,0.335,0.045
350.0,拓星者,拓星者,ally_star,unit,1.878,1.258
352.0,,,enemy_diamond,enemy,0.201,0.005
354.0,,,enemy_diamond,enemy,0.188,0.002
356.0,,,enemy_dot,enemy,0.561,0.021
358.0,,,empty,empty,0.445,0.006
360.0,,,empty,empty,0.6,0.024
362.0,,,empty,empty,0.324,0.007
364.0,,,empty,empty,0.291,0.052
366.0,,,empty,empty,0.445,0.145
368.0,,,?_dot,unit,0.502,0.099
370.0,,,enemy_diamond,enemy,0.443,0.13
372.0,,,enemy_diamond,enemy,0.255,0.017
